FFMPEG_MODULE_PATH is /home/runner/work/tvbox-sources/tvbox-sources/media/libraries/decoder_ffmpeg/src/main
NDK path is /usr/local/lib/android/sdk/ndk/27.3.13750724/
Host platform is linux-x86_64
ANDROID_ABI is 21
Enabled decoders are aac mp3 opus vorbis flac ac3 eac3 dts h264 hevc mpeg4 vp8 vp9 mjpeg
Using 4 jobs for make
install prefix            /usr/local
source path               .
C compiler                /usr/local/lib/android/sdk/ndk/27.3.13750724//toolchains/llvm/prebuilt/linux-x86_64/bin/armv7a-linux-androideabi21-clang
C library                 bionic
host C compiler           gcc
host C library            glibc
ARCH                      arm (armv7-a)
big-endian                no
runtime cpu detection     yes
ARMv5TE enabled           yes
ARMv6 enabled             yes
ARMv6T2 enabled           yes
VFP enabled               yes
NEON enabled              yes
THUMB enabled             no
debug symbols             yes
strip symbols             yes
optimize for size         no
optimizations             yes
static                    yes
shared                    no
postprocessing support    no
network support           no
threading support         pthreads
safe bitstream reader     yes
texi2html enabled         no
perl enabled              yes
pod2man enabled           yes
makeinfo enabled          yes
makeinfo supports HTML    yes
xmllint enabled           no

External libraries:
zlib

External libraries providing hardware acceleration:
cuda_llvm

Libraries:
avcodec                 avutil                  swresample

Programs:

Enabled decoders:
aac                     h264                    opus
ac3                     hevc                    vorbis
eac3                    mjpeg                   vp8
flac                    mp3                     vp9
h263                    mpeg4

Enabled encoders:

Enabled hwaccels:

Enabled parsers:
ac3                     mpeg4video
h263                    vp9

Enabled demuxers:

Enabled muxers:

Enabled protocols:

Enabled filters:

Enabled bsfs:
vp9_superframe_split

Enabled indevs:

Enabled outdevs:

License: LGPL version 2.1 or later

WARNING: Option --enable-decoder=dts did not match anything
WARNING: /usr/local/lib/android/sdk/ndk/27.3.13750724//toolchains/llvm/prebuilt/linux-x86_64/bin/armv7a-linux-androideabi21-pkg-config not found, library detection may fail.
GEN	libavutil/libavutil.version
GEN	libswresample/libswresample.version
GEN	libavcodec/libavcodec.version
CC	libavcodec/aac_ac3_parser.o
CC	libavcodec/aacdec.o
CC	libavcodec/aacps_common.o
CC	libavcodec/aacps_float.o
CC	libavcodec/aacpsdsp_float.o
CC	libavcodec/aacsbr.o
CC	libavcodec/aactab.o
CC	libavcodec/ac3.o
CC	libavcodec/ac3_channel_layout_tab.o
CC	libavcodec/ac3_parser.o
CC	libavcodec/ac3dec_data.o
CC	libavcodec/ac3dec_float.o
CC	libavcodec/ac3dsp.o
CC	libavcodec/ac3tab.o
CC	libavcodec/adts_header.o
CC	libavcodec/adts_parser.o
CC	libavcodec/allcodecs.o
CC	libavcodec/arm/aacpsdsp_init_arm.o
AS	libavcodec/arm/aacpsdsp_neon.o
AS	libavcodec/arm/ac3dsp_arm.o
AS	libavcodec/arm/ac3dsp_armv6.o
CC	libavcodec/arm/ac3dsp_init_arm.o
AS	libavcodec/arm/ac3dsp_neon.o
CC	libavcodec/arm/blockdsp_init_arm.o
CC	libavcodec/arm/blockdsp_init_neon.o
AS	libavcodec/arm/blockdsp_neon.o
CC	libavcodec/arm/fft_init_arm.o
AS	libavcodec/arm/fft_neon.o
AS	libavcodec/arm/fft_vfp.o
AS	libavcodec/arm/flacdsp_arm.o
CC	libavcodec/arm/flacdsp_init_arm.o
CC	libavcodec/arm/fmtconvert_init_arm.o
AS	libavcodec/arm/fmtconvert_neon.o
AS	libavcodec/arm/fmtconvert_vfp.o
CC	libavcodec/arm/h264chroma_init_arm.o
AS	libavcodec/arm/h264cmc_neon.o
CC	libavcodec/arm/h264dsp_init_arm.o
AS	libavcodec/arm/h264dsp_neon.o
AS	libavcodec/arm/h264idct_neon.o
CC	libavcodec/arm/h264pred_init_arm.o
AS	libavcodec/arm/h264pred_neon.o
CC	libavcodec/arm/h264qpel_init_arm.o
AS	libavcodec/arm/h264qpel_neon.o
AS	libavcodec/arm/hevcdsp_deblock_neon.o
AS	libavcodec/arm/hevcdsp_idct_neon.o
CC	libavcodec/arm/hevcdsp_init_arm.o
CC	libavcodec/arm/hevcdsp_init_neon.o
AS	libavcodec/arm/hevcdsp_qpel_neon.o
AS	libavcodec/arm/hevcdsp_sao_neon.o
AS	libavcodec/arm/hpeldsp_arm.o
AS	libavcodec/arm/hpeldsp_armv6.o
CC	libavcodec/arm/hpeldsp_init_arm.o
CC	libavcodec/arm/hpeldsp_init_armv6.o
CC	libavcodec/arm/hpeldsp_init_neon.o
AS	libavcodec/arm/hpeldsp_neon.o
AS	libavcodec/arm/idctdsp_arm.o
AS	libavcodec/arm/idctdsp_armv6.o
CC	libavcodec/arm/idctdsp_init_arm.o
CC	libavcodec/arm/idctdsp_init_armv5te.o
CC	libavcodec/arm/idctdsp_init_armv6.o
CC	libavcodec/arm/idctdsp_init_neon.o
AS	libavcodec/arm/idctdsp_neon.o
AS	libavcodec/arm/jrevdct_arm.o
AS	libavcodec/arm/me_cmp_armv6.o
CC	libavcodec/arm/me_cmp_init_arm.o
AS	libavcodec/arm/mpegaudiodsp_fixed_armv6.o
CC	libavcodec/arm/mpegaudiodsp_init_arm.o
CC	libavcodec/arm/mpegvideo_arm.o
CC	libavcodec/arm/mpegvideo_armv5te.o
AS	libavcodec/arm/mpegvideo_armv5te_s.o
AS	libavcodec/arm/mpegvideo_neon.o
CC	libavcodec/arm/rdft_init_arm.o
AS	libavcodec/arm/rdft_neon.o
CC	libavcodec/arm/sbrdsp_init_arm.o
AS	libavcodec/arm/sbrdsp_neon.o
AS	libavcodec/arm/simple_idct_arm.o
AS	libavcodec/arm/simple_idct_armv5te.o
AS	libavcodec/arm/simple_idct_armv6.o
AS	libavcodec/arm/simple_idct_neon.o
AS	libavcodec/arm/startcode_armv6.o
AS	libavcodec/arm/videodsp_armv5te.o
CC	libavcodec/arm/videodsp_init_arm.o
CC	libavcodec/arm/videodsp_init_armv5te.o
CC	libavcodec/arm/vorbisdsp_init_arm.o
AS	libavcodec/arm/vorbisdsp_neon.o
AS	libavcodec/arm/vp8_armv6.o
AS	libavcodec/arm/vp8dsp_armv6.o
CC	libavcodec/arm/vp8dsp_init_arm.o
CC	libavcodec/arm/vp8dsp_init_armv6.o
CC	libavcodec/arm/vp8dsp_init_neon.o
AS	libavcodec/arm/vp8dsp_neon.o
CC	libavcodec/arm/vp9dsp_init_10bpp_arm.o
CC	libavcodec/arm/vp9dsp_init_12bpp_arm.o
CC	libavcodec/arm/vp9dsp_init_arm.o
AS	libavcodec/arm/vp9itxfm_16bpp_neon.o
AS	libavcodec/arm/vp9itxfm_neon.o
AS	libavcodec/arm/vp9lpf_16bpp_neon.o
AS	libavcodec/arm/vp9lpf_neon.o
AS	libavcodec/arm/vp9mc_16bpp_neon.o
AS	libavcodec/arm/vp9mc_neon.o
CC	libavcodec/atsc_a53.o
CC	libavcodec/avcodec.o
CC	libavcodec/avdct.o
CC	libavcodec/avfft.o
CC	libavcodec/avpacket.o
CC	libavcodec/bitstream.o
CC	libavcodec/bitstream_filters.o
CC	libavcodec/blockdsp.o
CC	libavcodec/bsf.o
CC	libavcodec/bswapdsp.o
CC	libavcodec/cabac.o
CC	libavcodec/cbrt_data.o
CC	libavcodec/codec_desc.o
CC	libavcodec/codec_par.o
CC	libavcodec/d3d11va.o
CC	libavcodec/dct.o
CC	libavcodec/dct32_fixed.o
CC	libavcodec/dct32_float.o
CC	libavcodec/decode.o
CC	libavcodec/dirac.o
CC	libavcodec/dovi_rpu.o
CC	libavcodec/dv_profile.o
CC	libavcodec/dynamic_hdr10_plus.o
CC	libavcodec/dynamic_hdr_vivid.o
CC	libavcodec/eac3_data.o
CC	libavcodec/encode.o
CC	libavcodec/error_resilience.o
CC	libavcodec/exif.o
libavcodec/error_resilience.c:396:12: warning: variable 'depth' set but not used [-Wunused-but-set-variable]
  396 |     int i, depth, num_avail;
      |            ^
CC	libavcodec/faandct.o
CC	libavcodec/faanidct.o
CC	libavcodec/fdctdsp.o
CC	libavcodec/fft_fixed_32.o
CC	libavcodec/fft_float.o
CC	libavcodec/fft_init_table.o
CC	libavcodec/flac.o
CC	libavcodec/flacdata.o
CC	libavcodec/flacdec.o
CC	libavcodec/flacdsp.o
CC	libavcodec/fmtconvert.o
CC	libavcodec/get_buffer.o
CC	libavcodec/golomb.o
CC	libavcodec/h263.o
CC	libavcodec/h263_parser.o
CC	libavcodec/h263data.o
CC	libavcodec/h263dec.o
CC	libavcodec/h263dsp.o
CC	libavcodec/h2645_parse.o
CC	libavcodec/h2645_sei.o
CC	libavcodec/h2645_vui.o
CC	libavcodec/h2645data.o
CC	libavcodec/h264_cabac.o
CC	libavcodec/h264_cavlc.o
1 warning generated.
CC	libavcodec/h264_direct.o
CC	libavcodec/h264_loopfilter.o
CC	libavcodec/h264_mb.o
CC	libavcodec/h264_parse.o
CC	libavcodec/h264_picture.o
CC	libavcodec/h264_ps.o
CC	libavcodec/h264_refs.o
CC	libavcodec/h264_sei.o
CC	libavcodec/h264_slice.o
CC	libavcodec/h264chroma.o
CC	libavcodec/h264data.o
CC	libavcodec/h264dec.o
CC	libavcodec/h264dsp.o
CC	libavcodec/h264idct.o
CC	libavcodec/h264pred.o
CC	libavcodec/h264qpel.o
CC	libavcodec/h274.o
CC	libavcodec/hevc_cabac.o
libavcodec/hevc_cabac.c:37:21: warning: variable 'num_bins_in_se' is not needed and will not be emitted [-Wunneeded-internal-declaration]
   37 | static const int8_t num_bins_in_se[] = {
      |                     ^~~~~~~~~~~~~~
CC	libavcodec/hevc_data.o
CC	libavcodec/hevc_filter.o
1 warning generated.
CC	libavcodec/hevc_mvs.o
CC	libavcodec/hevc_parse.o
CC	libavcodec/hevc_ps.o
CC	libavcodec/hevc_refs.o
CC	libavcodec/hevc_sei.o
CC	libavcodec/hevcdec.o
CC	libavcodec/hevcdsp.o
CC	libavcodec/hevcpred.o
CC	libavcodec/hpeldsp.o
CC	libavcodec/idctdsp.o
CC	libavcodec/imgconvert.o
CC	libavcodec/ituh263dec.o
CC	libavcodec/jfdctfst.o
CC	libavcodec/jfdctint.o
CC	libavcodec/jni.o
CC	libavcodec/jpegtables.o
CC	libavcodec/jrevdct.o
CC	libavcodec/kbdwin.o
CC	libavcodec/mathtables.o
CC	libavcodec/me_cmp.o
CC	libavcodec/mediacodec.o
CC	libavcodec/mjpegdec.o
CC	libavcodec/mjpegdec_common.o
CC	libavcodec/mpeg12framerate.o
CC	libavcodec/mpeg4audio.o
CC	libavcodec/mpeg4audio_sample_rates.o
CC	libavcodec/mpeg4video.o
CC	libavcodec/mpeg4video_parser.o
CC	libavcodec/mpeg4videodec.o
CC	libavcodec/mpeg4videodsp.o
CC	libavcodec/mpeg_er.o
libavcodec/mpeg4videodec.c:737:13: warning: variable 'time_incr' set but not used [-Wunused-but-set-variable]
  737 |         int time_incr = 0;
      |             ^
CC	libavcodec/mpegaudio.o
CC	libavcodec/mpegaudiodata.o
CC	libavcodec/mpegaudiodec_common.o
CC	libavcodec/mpegaudiodec_fixed.o
CC	libavcodec/mpegaudiodecheader.o
CC	libavcodec/mpegaudiodsp.o
CC	libavcodec/mpegaudiodsp_data.o
CC	libavcodec/mpegaudiodsp_fixed.o
CC	libavcodec/mpegaudiodsp_float.o
CC	libavcodec/mpegaudiotabs.o
CC	libavcodec/mpegpicture.o
CC	libavcodec/mpegutils.o
CC	libavcodec/mpegvideo.o
CC	libavcodec/mpegvideo_dec.o
CC	libavcodec/mpegvideo_motion.o
CC	libavcodec/mpegvideodata.o
CC	libavcodec/neon/mpegvideo.o
CC	libavcodec/options.o
In file included from libavcodec/options.c:38:
libavcodec/options_table.h:273:116: warning: implicit conversion from 'unsigned long long' to 'double' changes value from 18446744073709551615 to 18446744073709551616 [-Wimplicit-const-int-float-conversion]
  273 | {"request_channel_layout", NULL, OFFSET(request_channel_layout), AV_OPT_TYPE_CHANNEL_LAYOUT, {.i64 = DEFAULT }, 0, UINT64_MAX, A|D, "request_channel_layout"},
      | ~                                                                                                                  ^~~~~~~~~~
/usr/local/lib/android/sdk/ndk/27.3.13750724//toolchains/llvm/prebuilt/linux-x86_64/bin/../sysroot/usr/include/stdint.h:193:27: note: expanded from macro 'UINT64_MAX'
  193 | #define UINT64_MAX       (UINT64_C(18446744073709551615))
      |                           ^~~~~~~~~~~~~~~~~~~~~~~~~~~~~~
/usr/local/lib/android/sdk/ndk/27.3.13750724//toolchains/llvm/prebuilt/linux-x86_64/bin/../sysroot/usr/include/stdint.h:148:27: note: expanded from macro 'UINT64_C'
  148 | #  define UINT64_C(c)     c ## ULL
      |                           ^~~~~~~~
<scratch space>:34:1: note: expanded from here
   34 | 18446744073709551615ULL
      | ^~~~~~~~~~~~~~~~~~~~~~~
In file included from libavcodec/options.c:38:
libavcodec/options_table.h:272:100: warning: implicit conversion from 'unsigned long long' to 'double' changes value from 18446744073709551615 to 18446744073709551616 [-Wimplicit-const-int-float-conversion]
  272 | {"channel_layout", NULL, OFFSET(channel_layout), AV_OPT_TYPE_CHANNEL_LAYOUT, {.i64 = DEFAULT }, 0, UINT64_MAX, A|E|D, "channel_layout"},
      | ~                                                                                                  ^~~~~~~~~~
/usr/local/lib/android/sdk/ndk/27.3.13750724//toolchains/llvm/prebuilt/linux-x86_64/bin/../sysroot/usr/include/stdint.h:193:27: note: expanded from macro 'UINT64_MAX'
  193 | #define UINT64_MAX       (UINT64_C(18446744073709551615))
      |                           ^~~~~~~~~~~~~~~~~~~~~~~~~~~~~~
/usr/local/lib/android/sdk/ndk/27.3.13750724//toolchains/llvm/prebuilt/linux-x86_64/bin/../sysroot/usr/include/stdint.h:148:27: note: expanded from macro 'UINT64_C'
  148 | #  define UINT64_C(c)     c ## ULL
      |                           ^~~~~~~~
<scratch space>:33:1: note: expanded from here
   33 | 18446744073709551615ULL
      | ^~~~~~~~~~~~~~~~~~~~~~~
In file included from libavcodec/options.c:38:
libavcodec/options_table.h:48:110: warning: implicit conversion from 'long long' to 'double' changes value from 9223372036854775807 to 9223372036854775808 [-Wimplicit-const-int-float-conversion]
   48 | {"b", "set bitrate (in bits/s)", OFFSET(bit_rate), AV_OPT_TYPE_INT64, {.i64 = AV_CODEC_DEFAULT_BITRATE }, 0, INT64_MAX, A|V|E},
      | ~                                                                                                            ^~~~~~~~~
/usr/local/lib/android/sdk/ndk/27.3.13750724//toolchains/llvm/prebuilt/linux-x86_64/bin/../sysroot/usr/include/stdint.h:188:27: note: expanded from macro 'INT64_MAX'
  188 | #define INT64_MAX        (INT64_C(9223372036854775807))
      |                           ^~~~~~~~~~~~~~~~~~~~~~~~~~~~
/usr/local/lib/android/sdk/ndk/27.3.13750724//toolchains/llvm/prebuilt/linux-x86_64/bin/../sysroot/usr/include/stdint.h:147:27: note: expanded from macro 'INT64_C'
  147 | #  define INT64_C(c)      c ## LL
      |                           ^~~~~~~
<scratch space>:32:1: note: expanded from here
   32 | 9223372036854775807LL
      | ^~~~~~~~~~~~~~~~~~~~~
CC	libavcodec/opus_celt.o
3 warnings generated.
CC	libavcodec/opus_parse.o
CC	libavcodec/opus_pvq.o
CC	libavcodec/opus_rc.o
CC	libavcodec/opus_silk.o
CC	libavcodec/opusdec.o
CC	libavcodec/opusdec_celt.o
1 warning generated.
CC	libavcodec/opusdsp.o
CC	libavcodec/opustab.o
CC	libavcodec/parser.o
CC	libavcodec/parsers.o
CC	libavcodec/profiles.o
CC	libavcodec/pthread.o
CC	libavcodec/pthread_frame.o
CC	libavcodec/pthread_slice.o
CC	libavcodec/qpeldsp.o
CC	libavcodec/qsv_api.o
CC	libavcodec/raw.o
CC	libavcodec/rdft.o
CC	libavcodec/rl.o
CC	libavcodec/sbrdsp.o
CC	libavcodec/simple_idct.o
CC	libavcodec/sinewin.o
CC	libavcodec/startcode.o
CC	libavcodec/tiff_common.o
CC	libavcodec/to_upper4.o
CC	libavcodec/utils.o
CC	libavcodec/version.o
CC	libavcodec/videodsp.o
CC	libavcodec/vlc.o
CC	libavcodec/vorbis.o
CC	libavcodec/vorbis_data.o
CC	libavcodec/vorbis_parser.o
CC	libavcodec/vorbisdec.o
CC	libavcodec/vorbisdsp.o
CC	libavcodec/vp8.o
CC	libavcodec/vp8dsp.o
libavcodec/vp8.c:1497:51: warning: passing 'const uint8_t *' (aka 'const unsigned char *') to parameter of type 'uint8_t *' (aka 'unsigned char *') discards qualifiers [-Wincompatible-pointer-types-discards-qualifiers]
 1497 |                                                   token_prob, qmul);
      |                                                   ^~~~~~~~~~
libavcodec/arm/vp8.h:32:50: note: passing argument to parameter 'token_prob' here
   32 |                                  int i, uint8_t *token_prob, int16_t qmul[2]);
      |                                                  ^
libavcodec/vp8.c:1497:63: warning: passing 'const int16_t *' (aka 'const short *') to parameter of type 'int16_t *' (aka 'short *') discards qualifiers [-Wincompatible-pointer-types-discards-qualifiers]
 1497 |                                                   token_prob, qmul);
      |                                                               ^~~~
libavcodec/arm/vp8.h:32:70: note: passing argument to parameter 'qmul' here
   32 |                                  int i, uint8_t *token_prob, int16_t qmul[2]);
      |                                                                      ^
libavcodec/vp8dsp.c:299:30: warning: unused function 'vp7_filter_common' [-Wunused-function]
  299 | static av_always_inline void vp7_filter_common(uint8_t *p, ptrdiff_t stride,
      |                              ^~~~~~~~~~~~~~~~~
libavcodec/vp8dsp.c:341:1: warning: unused function 'vp7_normal_limit' [-Wunused-function]
  341 | NORMAL_LIMIT(7)
      | ^~~~~~~~~~~~~~~
libavcodec/vp8dsp.c:330:29: note: expanded from macro 'NORMAL_LIMIT'
  330 | static av_always_inline int vp ## vpn ## _normal_limit(uint8_t *p,            \
      |                             ^~~~~~~~~~~~~~~~~~~~~~~~~~
<scratch space>:39:1: note: expanded from here
   39 | vp7_normal_limit
      | ^~~~~~~~~~~~~~~~
CC	libavcodec/vp9.o
CC	libavcodec/vp9_parser.o
CC	libavcodec/vp9_superframe_split_bsf.o
2 warnings generated.
CC	libavcodec/vp9block.o
CC	libavcodec/vp9data.o
CC	libavcodec/vp9dsp.o
CC	libavcodec/vp9dsp_10bpp.o
2 warnings generated.
CC	libavcodec/vp9dsp_12bpp.o
CC	libavcodec/vp9dsp_8bpp.o
CC	libavcodec/vp9lpf.o
CC	libavcodec/vp9mvs.o
CC	libavcodec/vp9prob.o
CC	libavcodec/vp9recon.o
CC	libavcodec/vpx_rac.o
CC	libavcodec/xiph.o
CC	libavcodec/xvididct.o
GEN	libavcodec/libavcodec.pc
CC	libswresample/arm/audio_convert_init.o
AS	libswresample/arm/audio_convert_neon.o
AS	libswresample/arm/resample.o
CC	libswresample/arm/resample_init.o
CC	libswresample/audioconvert.o
CC	libswresample/dither.o
CC	libswresample/options.o
libswresample/options.c:132:144: warning: implicit conversion from 'long long' to 'double' changes value from 9223372036854775807 to 9223372036854775808 [-Wimplicit-const-int-float-conversion]
  131 | {"first_pts"            , "Assume the first pts should be this value (in samples)."
      | ~
  132 |                                                         , OFFSET(firstpts_in_samples), AV_OPT_TYPE_INT64 ,{.i64=AV_NOPTS_VALUE    }, INT64_MIN,INT64_MAX, PARAM },
      |                                                                                                                                                ^~~~~~~~~
/usr/local/lib/android/sdk/ndk/27.3.13750724//toolchains/llvm/prebuilt/linux-x86_64/bin/../sysroot/usr/include/stdint.h:188:27: note: expanded from macro 'INT64_MAX'
  188 | #define INT64_MAX        (INT64_C(9223372036854775807))
      |                           ^~~~~~~~~~~~~~~~~~~~~~~~~~~~
/usr/local/lib/android/sdk/ndk/27.3.13750724//toolchains/llvm/prebuilt/linux-x86_64/bin/../sysroot/usr/include/stdint.h:147:27: note: expanded from macro 'INT64_C'
  147 | #  define INT64_C(c)      c ## LL
      |                           ^~~~~~~
<scratch space>:37:1: note: expanded from here
   37 | 9223372036854775807LL
      | ^~~~~~~~~~~~~~~~~~~~~
libswresample/options.c:70:145: warning: implicit conversion from 'long long' to 'double' changes value from 9223372036854775807 to 9223372036854775808 [-Wimplicit-const-int-float-conversion]
   69 | {"out_channel_layout"   , "set output channel layout (Deprecated, use out_chlayout)",
      | ~
   70 |                                                           OFFSET(user_out_ch_layout), AV_OPT_TYPE_CHANNEL_LAYOUT, {.i64=0         }, INT64_MIN, INT64_MAX, PARAM|DEPREC, "channel_layout"},
      |                                                                                                                                                 ^~~~~~~~~
/usr/local/lib/android/sdk/ndk/27.3.13750724//toolchains/llvm/prebuilt/linux-x86_64/bin/../sysroot/usr/include/stdint.h:188:27: note: expanded from macro 'INT64_MAX'
  188 | #define INT64_MAX        (INT64_C(9223372036854775807))
      |                           ^~~~~~~~~~~~~~~~~~~~~~~~~~~~
/usr/local/lib/android/sdk/ndk/27.3.13750724//toolchains/llvm/prebuilt/linux-x86_64/bin/../sysroot/usr/include/stdint.h:147:27: note: expanded from macro 'INT64_C'
  147 | #  define INT64_C(c)      c ## LL
      |                           ^~~~~~~
<scratch space>:34:1: note: expanded from here
   34 | 9223372036854775807LL
      | ^~~~~~~~~~~~~~~~~~~~~
libswresample/options.c:68:145: warning: implicit conversion from 'long long' to 'double' changes value from 9223372036854775807 to 9223372036854775808 [-Wimplicit-const-int-float-conversion]
   67 | {"ocl"                  , "set output channel layout (Deprecated, use ochl)",
      | ~
   68 |                                                           OFFSET(user_out_ch_layout), AV_OPT_TYPE_CHANNEL_LAYOUT, {.i64=0         }, INT64_MIN, INT64_MAX, PARAM|DEPREC, "channel_layout"},
      |                                                                                                                                                 ^~~~~~~~~
/usr/local/lib/android/sdk/ndk/27.3.13750724//toolchains/llvm/prebuilt/linux-x86_64/bin/../sysroot/usr/include/stdint.h:188:27: note: expanded from macro 'INT64_MAX'
  188 | #define INT64_MAX        (INT64_C(9223372036854775807))
      |                           ^~~~~~~~~~~~~~~~~~~~~~~~~~~~
/usr/local/lib/android/sdk/ndk/27.3.13750724//toolchains/llvm/prebuilt/linux-x86_64/bin/../sysroot/usr/include/stdint.h:147:27: note: expanded from macro 'INT64_C'
  147 | #  define INT64_C(c)      c ## LL
      |                           ^~~~~~~
<scratch space>:32:1: note: expanded from here
   32 | 9223372036854775807LL
      | ^~~~~~~~~~~~~~~~~~~~~
libswresample/options.c:66:145: warning: implicit conversion from 'long long' to 'double' changes value from 9223372036854775807 to 9223372036854775808 [-Wimplicit-const-int-float-conversion]
   65 | {"in_channel_layout"    , "set input channel layout (Deprecated, use in_chlayout)",
      | ~
   66 |                                                           OFFSET(user_in_ch_layout), AV_OPT_TYPE_CHANNEL_LAYOUT, {.i64=0          }, INT64_MIN, INT64_MAX, PARAM|DEPREC, "channel_layout"},
      |                                                                                                                                                 ^~~~~~~~~
/usr/local/lib/android/sdk/ndk/27.3.13750724//toolchains/llvm/prebuilt/linux-x86_64/bin/../sysroot/usr/include/stdint.h:188:27: note: expanded from macro 'INT64_MAX'
  188 | #define INT64_MAX        (INT64_C(9223372036854775807))
      |                           ^~~~~~~~~~~~~~~~~~~~~~~~~~~~
/usr/local/lib/android/sdk/ndk/27.3.13750724//toolchains/llvm/prebuilt/linux-x86_64/bin/../sysroot/usr/include/stdint.h:147:27: note: expanded from macro 'INT64_C'
  147 | #  define INT64_C(c)      c ## LL
      |                           ^~~~~~~
<scratch space>:30:1: note: expanded from here
   30 | 9223372036854775807LL
      | ^~~~~~~~~~~~~~~~~~~~~
libswresample/options.c:64:145: warning: implicit conversion from 'long long' to 'double' changes value from 9223372036854775807 to 9223372036854775808 [-Wimplicit-const-int-float-conversion]
   63 | {"icl"                  , "set input channel layout (Deprecated, use ichl)",
      | ~
   64 |                                                           OFFSET(user_in_ch_layout), AV_OPT_TYPE_CHANNEL_LAYOUT, {.i64=0          }, INT64_MIN, INT64_MAX, PARAM|DEPREC, "channel_layout"},
      |                                                                                                                                                 ^~~~~~~~~
/usr/local/lib/android/sdk/ndk/27.3.13750724//toolchains/llvm/prebuilt/linux-x86_64/bin/../sysroot/usr/include/stdint.h:188:27: note: expanded from macro 'INT64_MAX'
  188 | #define INT64_MAX        (INT64_C(9223372036854775807))
      |                           ^~~~~~~~~~~~~~~~~~~~~~~~~~~~
/usr/local/lib/android/sdk/ndk/27.3.13750724//toolchains/llvm/prebuilt/linux-x86_64/bin/../sysroot/usr/include/stdint.h:147:27: note: expanded from macro 'INT64_C'
  147 | #  define INT64_C(c)      c ## LL
      |                           ^~~~~~~
<scratch space>:28:1: note: expanded from here
   28 | 9223372036854775807LL
      | ^~~~~~~~~~~~~~~~~~~~~
CC	libswresample/rematrix.o
5 warnings generated.
CC	libswresample/resample.o
CC	libswresample/resample_dsp.o
CC	libswresample/swresample.o
CC	libswresample/swresample_frame.o
CC	libswresample/version.o
GEN	libswresample/libswresample.pc
CC	libavutil/../compat/strtod.o
CC	libavutil/adler32.o
CC	libavutil/aes.o
CC	libavutil/aes_ctr.o
CC	libavutil/ambient_viewing_environment.o
CC	libavutil/arm/cpu.o
CC	libavutil/arm/float_dsp_init_arm.o
CC	libavutil/arm/float_dsp_init_neon.o
CC	libavutil/arm/float_dsp_init_vfp.o
AS	libavutil/arm/float_dsp_neon.o
AS	libavutil/arm/float_dsp_vfp.o
CC	libavutil/audio_fifo.o
CC	libavutil/avsscanf.o
CC	libavutil/avstring.o
CC	libavutil/base64.o
CC	libavutil/blowfish.o
CC	libavutil/bprint.o
CC	libavutil/buffer.o
CC	libavutil/camellia.o
CC	libavutil/cast5.o
CC	libavutil/channel_layout.o
CC	libavutil/cpu.o
CC	libavutil/crc.o
libavutil/cpu.c:116:76: warning: implicit conversion from 'long long' to 'double' changes value from 9223372036854775807 to 9223372036854775808 [-Wimplicit-const-int-float-conversion]
  116 |         { "flags"   , NULL, 0, AV_OPT_TYPE_FLAGS, { .i64 = 0 }, INT64_MIN, INT64_MAX, .unit = "flags" },
      |         ~                                                                  ^~~~~~~~~
/usr/local/lib/android/sdk/ndk/27.3.13750724//toolchains/llvm/prebuilt/linux-x86_64/bin/../sysroot/usr/include/stdint.h:188:27: note: expanded from macro 'INT64_MAX'
  188 | #define INT64_MAX        (INT64_C(9223372036854775807))
      |                           ^~~~~~~~~~~~~~~~~~~~~~~~~~~~
/usr/local/lib/android/sdk/ndk/27.3.13750724//toolchains/llvm/prebuilt/linux-x86_64/bin/../sysroot/usr/include/stdint.h:147:27: note: expanded from macro 'INT64_C'
  147 | #  define INT64_C(c)      c ## LL
      |                           ^~~~~~~
<scratch space>:41:1: note: expanded from here
   41 | 9223372036854775807LL
      | ^~~~~~~~~~~~~~~~~~~~~
1 warning generated.
CC	libavutil/csp.o
CC	libavutil/des.o
CC	libavutil/detection_bbox.o
CC	libavutil/dict.o
CC	libavutil/display.o
CC	libavutil/dovi_meta.o
CC	libavutil/downmix_info.o
CC	libavutil/encryption_info.o
CC	libavutil/error.o
CC	libavutil/eval.o
CC	libavutil/fifo.o
CC	libavutil/file.o
libavutil/eval.c:237:41: warning: implicit conversion from 'unsigned long long' to 'double' changes value from 18446744073709551615 to 18446744073709551616 [-Wimplicit-const-int-float-conversion]
  237 |             return e->value * (r * (1.0/UINT64_MAX));
      |                                        ~^~~~~~~~~~
/usr/local/lib/android/sdk/ndk/27.3.13750724//toolchains/llvm/prebuilt/linux-x86_64/bin/../sysroot/usr/include/stdint.h:193:27: note: expanded from macro 'UINT64_MAX'
  193 | #define UINT64_MAX       (UINT64_C(18446744073709551615))
      |                           ^~~~~~~~~~~~~~~~~~~~~~~~~~~~~~
/usr/local/lib/android/sdk/ndk/27.3.13750724//toolchains/llvm/prebuilt/linux-x86_64/bin/../sysroot/usr/include/stdint.h:148:27: note: expanded from macro 'UINT64_C'
  148 | #  define UINT64_C(c)     c ## ULL
      |                           ^~~~~~~~
<scratch space>:26:1: note: expanded from here
   26 | 18446744073709551615ULL
      | ^~~~~~~~~~~~~~~~~~~~~~~
CC	libavutil/file_open.o
CC	libavutil/film_grain_params.o
CC	libavutil/fixed_dsp.o
CC	libavutil/float_dsp.o
CC	libavutil/frame.o
1 warning generated.
CC	libavutil/hash.o
CC	libavutil/hdr_dynamic_metadata.o
CC	libavutil/hdr_dynamic_vivid_metadata.o
CC	libavutil/hmac.o
CC	libavutil/hwcontext.o
CC	libavutil/hwcontext_stub.o
CC	libavutil/imgutils.o
CC	libavutil/integer.o
CC	libavutil/intmath.o
CC	libavutil/lfg.o
CC	libavutil/lls.o
CC	libavutil/log.o
CC	libavutil/log2_tab.o
CC	libavutil/lzo.o
CC	libavutil/mastering_display_metadata.o
CC	libavutil/mathematics.o
CC	libavutil/md5.o
CC	libavutil/mem.o
CC	libavutil/murmur3.o
CC	libavutil/opt.o
CC	libavutil/parseutils.o
CC	libavutil/pixdesc.o
CC	libavutil/pixelutils.o
CC	libavutil/random_seed.o
CC	libavutil/rational.o
CC	libavutil/rc4.o
CC	libavutil/reverse.o
CC	libavutil/ripemd.o
CC	libavutil/samplefmt.o
CC	libavutil/sha.o
CC	libavutil/sha512.o
CC	libavutil/slicethread.o
CC	libavutil/spherical.o
CC	libavutil/stereo3d.o
CC	libavutil/tea.o
CC	libavutil/threadmessage.o
CC	libavutil/time.o
CC	libavutil/timecode.o
CC	libavutil/tree.o
CC	libavutil/twofish.o
CC	libavutil/tx.o
CC	libavutil/tx_double.o
CC	libavutil/tx_float.o
CC	libavutil/tx_int32.o
CC	libavutil/utils.o
CC	libavutil/uuid.o
CC	libavutil/version.o
CC	libavutil/video_enc_params.o
CC	libavutil/xga_font_data.o
CC	libavutil/xtea.o
GEN	libavutil/libavutil.pc
AR	libavcodec/libavcodec.a
AR	libswresample/libswresample.a
AR	libavutil/libavutil.a
INSTALL	libavcodec/libavcodec.a
INSTALL	libswresample/libswresample.a
INSTALL	libavutil/libavutil.a
install prefix            /usr/local
source path               .
C compiler                /usr/local/lib/android/sdk/ndk/27.3.13750724//toolchains/llvm/prebuilt/linux-x86_64/bin/aarch64-linux-android21-clang
C library                 bionic
host C compiler           gcc
host C library            glibc
ARCH                      aarch64 (armv8-a)
big-endian                no
runtime cpu detection     yes
NEON enabled              yes
VFP enabled               yes
debug symbols             yes
strip symbols             yes
optimize for size         no
optimizations             yes
static                    yes
shared                    no
postprocessing support    no
network support           no
threading support         pthreads
safe bitstream reader     yes
texi2html enabled         no
perl enabled              yes
pod2man enabled           yes
makeinfo enabled          yes
makeinfo supports HTML    yes
xmllint enabled           no

External libraries:
zlib

External libraries providing hardware acceleration:
cuda_llvm

Libraries:
avcodec                 avutil                  swresample

Programs:

Enabled decoders:
aac                     h264                    opus
ac3                     hevc                    vorbis
eac3                    mjpeg                   vp8
flac                    mp3                     vp9
h263                    mpeg4

Enabled encoders:

Enabled hwaccels:

Enabled parsers:
ac3                     mpeg4video
h263                    vp9

Enabled demuxers:

Enabled muxers:

Enabled protocols:

Enabled filters:

Enabled bsfs:
vp9_superframe_split

Enabled indevs:

Enabled outdevs:

License: LGPL version 2.1 or later

WARNING: Option --enable-decoder=dts did not match anything
WARNING: /usr/local/lib/android/sdk/ndk/27.3.13750724//toolchains/llvm/prebuilt/linux-x86_64/bin/aarch64-linux-android21-pkg-config not found, library detection may fail.
config_components.h is unchanged
libavutil/avconfig.h is unchanged
libavfilter/filter_list.c is unchanged
libavcodec/codec_list.c is unchanged
libavcodec/parser_list.c is unchanged
libavcodec/bsf_list.c is unchanged
libavformat/demuxer_list.c is unchanged
libavformat/muxer_list.c is unchanged
libavdevice/indev_list.c is unchanged
libavdevice/outdev_list.c is unchanged
libavformat/protocol_list.c is unchanged
GEN	libavutil/libavutil.version
GEN	libswresample/libswresample.version
GEN	libavcodec/libavcodec.version
CC	libavcodec/aac_ac3_parser.o
CC	libavcodec/aacdec.o
CC	libavcodec/aacps_common.o
CC	libavcodec/aacps_float.o
CC	libavcodec/aacpsdsp_float.o
CC	libavcodec/aacsbr.o
CC	libavcodec/aactab.o
CC	libavcodec/aarch64/aacpsdsp_init_aarch64.o
AS	libavcodec/aarch64/aacpsdsp_neon.o
CC	libavcodec/aarch64/fft_init_aarch64.o
AS	libavcodec/aarch64/fft_neon.o
CC	libavcodec/aarch64/fmtconvert_init.o
AS	libavcodec/aarch64/fmtconvert_neon.o
CC	libavcodec/aarch64/h264chroma_init_aarch64.o
AS	libavcodec/aarch64/h264cmc_neon.o
CC	libavcodec/aarch64/h264dsp_init_aarch64.o
AS	libavcodec/aarch64/h264dsp_neon.o
AS	libavcodec/aarch64/h264idct_neon.o
CC	libavcodec/aarch64/h264pred_init.o
AS	libavcodec/aarch64/h264pred_neon.o
CC	libavcodec/aarch64/h264qpel_init_aarch64.o
AS	libavcodec/aarch64/h264qpel_neon.o
AS	libavcodec/aarch64/hevcdsp_idct_neon.o
CC	libavcodec/aarch64/hevcdsp_init_aarch64.o
AS	libavcodec/aarch64/hevcdsp_qpel_neon.o
AS	libavcodec/aarch64/hevcdsp_sao_neon.o
CC	libavcodec/aarch64/hpeldsp_init_aarch64.o
AS	libavcodec/aarch64/hpeldsp_neon.o
CC	libavcodec/aarch64/idctdsp_init_aarch64.o
AS	libavcodec/aarch64/idctdsp_neon.o
CC	libavcodec/aarch64/me_cmp_init_aarch64.o
AS	libavcodec/aarch64/me_cmp_neon.o
CC	libavcodec/aarch64/mpegaudiodsp_init.o
AS	libavcodec/aarch64/mpegaudiodsp_neon.o
CC	libavcodec/aarch64/opusdsp_init.o
AS	libavcodec/aarch64/opusdsp_neon.o
CC	libavcodec/aarch64/sbrdsp_init_aarch64.o
AS	libavcodec/aarch64/sbrdsp_neon.o
AS	libavcodec/aarch64/simple_idct_neon.o
AS	libavcodec/aarch64/videodsp.o
CC	libavcodec/aarch64/videodsp_init.o
CC	libavcodec/aarch64/vorbisdsp_init.o
AS	libavcodec/aarch64/vorbisdsp_neon.o
CC	libavcodec/aarch64/vp8dsp_init_aarch64.o
AS	libavcodec/aarch64/vp8dsp_neon.o
CC	libavcodec/aarch64/vp9dsp_init_10bpp_aarch64.o
CC	libavcodec/aarch64/vp9dsp_init_12bpp_aarch64.o
CC	libavcodec/aarch64/vp9dsp_init_aarch64.o
AS	libavcodec/aarch64/vp9itxfm_16bpp_neon.o
AS	libavcodec/aarch64/vp9itxfm_neon.o
AS	libavcodec/aarch64/vp9lpf_16bpp_neon.o
AS	libavcodec/aarch64/vp9lpf_neon.o
AS	libavcodec/aarch64/vp9mc_16bpp_neon.o
AS	libavcodec/aarch64/vp9mc_aarch64.o
AS	libavcodec/aarch64/vp9mc_neon.o
CC	libavcodec/ac3.o
CC	libavcodec/ac3_channel_layout_tab.o
CC	libavcodec/ac3_parser.o
CC	libavcodec/ac3dec_data.o
CC	libavcodec/ac3dec_float.o
CC	libavcodec/ac3dsp.o
CC	libavcodec/ac3tab.o
CC	libavcodec/adts_header.o
CC	libavcodec/adts_parser.o
CC	libavcodec/allcodecs.o
CC	libavcodec/atsc_a53.o
CC	libavcodec/avcodec.o
CC	libavcodec/avdct.o
CC	libavcodec/avfft.o
CC	libavcodec/avpacket.o
CC	libavcodec/bitstream.o
CC	libavcodec/bitstream_filters.o
CC	libavcodec/blockdsp.o
CC	libavcodec/bsf.o
CC	libavcodec/bswapdsp.o
CC	libavcodec/cabac.o
CC	libavcodec/cbrt_data.o
CC	libavcodec/codec_desc.o
CC	libavcodec/codec_par.o
CC	libavcodec/d3d11va.o
CC	libavcodec/dct.o
CC	libavcodec/dct32_fixed.o
CC	libavcodec/dct32_float.o
CC	libavcodec/decode.o
CC	libavcodec/dirac.o
CC	libavcodec/dovi_rpu.o
CC	libavcodec/dv_profile.o
CC	libavcodec/dynamic_hdr10_plus.o
CC	libavcodec/dynamic_hdr_vivid.o
CC	libavcodec/eac3_data.o
CC	libavcodec/encode.o
CC	libavcodec/error_resilience.o
CC	libavcodec/exif.o
libavcodec/error_resilience.c:396:12: warning: variable 'depth' set but not used [-Wunused-but-set-variable]
  396 |     int i, depth, num_avail;
      |            ^
CC	libavcodec/faandct.o
CC	libavcodec/faanidct.o
CC	libavcodec/fdctdsp.o
CC	libavcodec/fft_fixed_32.o
CC	libavcodec/fft_float.o
CC	libavcodec/fft_init_table.o
CC	libavcodec/flac.o
CC	libavcodec/flacdata.o
CC	libavcodec/flacdec.o
CC	libavcodec/flacdsp.o
CC	libavcodec/fmtconvert.o
CC	libavcodec/get_buffer.o
CC	libavcodec/golomb.o
CC	libavcodec/h263.o
CC	libavcodec/h263_parser.o
CC	libavcodec/h263data.o
1 warning generated.
CC	libavcodec/h263dec.o
CC	libavcodec/h263dsp.o
CC	libavcodec/h2645_parse.o
CC	libavcodec/h2645_sei.o
CC	libavcodec/h2645_vui.o
CC	libavcodec/h2645data.o
CC	libavcodec/h264_cabac.o
CC	libavcodec/h264_cavlc.o
CC	libavcodec/h264_direct.o
CC	libavcodec/h264_loopfilter.o
CC	libavcodec/h264_mb.o
CC	libavcodec/h264_parse.o
CC	libavcodec/h264_picture.o
CC	libavcodec/h264_ps.o
CC	libavcodec/h264_refs.o
CC	libavcodec/h264_sei.o
CC	libavcodec/h264_slice.o
CC	libavcodec/h264chroma.o
CC	libavcodec/h264data.o
CC	libavcodec/h264dec.o
CC	libavcodec/h264dsp.o
CC	libavcodec/h264idct.o
CC	libavcodec/h264pred.o
CC	libavcodec/h264qpel.o
CC	libavcodec/h274.o
CC	libavcodec/hevc_cabac.o
libavcodec/hevc_cabac.c:37:21: warning: variable 'num_bins_in_se' is not needed and will not be emitted [-Wunneeded-internal-declaration]
   37 | static const int8_t num_bins_in_se[] = {
      |                     ^~~~~~~~~~~~~~
CC	libavcodec/hevc_data.o
CC	libavcodec/hevc_filter.o
CC	libavcodec/hevc_mvs.o
1 warning generated.
CC	libavcodec/hevc_parse.o
CC	libavcodec/hevc_ps.o
CC	libavcodec/hevc_refs.o
CC	libavcodec/hevc_sei.o
CC	libavcodec/hevcdec.o
CC	libavcodec/hevcdsp.o
CC	libavcodec/hevcpred.o
CC	libavcodec/hpeldsp.o
CC	libavcodec/idctdsp.o
CC	libavcodec/imgconvert.o
CC	libavcodec/ituh263dec.o
CC	libavcodec/jfdctfst.o
CC	libavcodec/jfdctint.o
CC	libavcodec/jni.o
CC	libavcodec/jpegtables.o
CC	libavcodec/jrevdct.o
CC	libavcodec/kbdwin.o
CC	libavcodec/mathtables.o
CC	libavcodec/me_cmp.o
CC	libavcodec/mediacodec.o
CC	libavcodec/mjpegdec.o
CC	libavcodec/mjpegdec_common.o
CC	libavcodec/mpeg12framerate.o
CC	libavcodec/mpeg4audio.o
CC	libavcodec/mpeg4audio_sample_rates.o
CC	libavcodec/mpeg4video.o
CC	libavcodec/mpeg4video_parser.o
CC	libavcodec/mpeg4videodec.o
libavcodec/mpeg4videodec.c:737:13: warning: variable 'time_incr' set but not used [-Wunused-but-set-variable]
  737 |         int time_incr = 0;
      |             ^
CC	libavcodec/mpeg4videodsp.o
CC	libavcodec/mpeg_er.o
CC	libavcodec/mpegaudio.o
CC	libavcodec/mpegaudiodata.o
CC	libavcodec/mpegaudiodec_common.o
CC	libavcodec/mpegaudiodec_fixed.o
CC	libavcodec/mpegaudiodecheader.o
CC	libavcodec/mpegaudiodsp.o
CC	libavcodec/mpegaudiodsp_data.o
CC	libavcodec/mpegaudiodsp_fixed.o
CC	libavcodec/mpegaudiodsp_float.o
CC	libavcodec/mpegaudiotabs.o
CC	libavcodec/mpegpicture.o
CC	libavcodec/mpegutils.o
CC	libavcodec/mpegvideo.o
1 warning generated.
CC	libavcodec/mpegvideo_dec.o
CC	libavcodec/mpegvideo_motion.o
CC	libavcodec/mpegvideodata.o
CC	libavcodec/neon/mpegvideo.o
CC	libavcodec/options.o
In file included from libavcodec/options.c:38:
libavcodec/options_table.h:273:116: warning: implicit conversion from 'unsigned long' to 'double' changes value from 18446744073709551615 to 18446744073709551616 [-Wimplicit-const-int-float-conversion]
  273 | {"request_channel_layout", NULL, OFFSET(request_channel_layout), AV_OPT_TYPE_CHANNEL_LAYOUT, {.i64 = DEFAULT }, 0, UINT64_MAX, A|D, "request_channel_layout"},
      | ~                                                                                                                  ^~~~~~~~~~
/usr/local/lib/android/sdk/ndk/27.3.13750724//toolchains/llvm/prebuilt/linux-x86_64/bin/../sysroot/usr/include/stdint.h:193:27: note: expanded from macro 'UINT64_MAX'
  193 | #define UINT64_MAX       (UINT64_C(18446744073709551615))
      |                           ^~~~~~~~~~~~~~~~~~~~~~~~~~~~~~
/usr/local/lib/android/sdk/ndk/27.3.13750724//toolchains/llvm/prebuilt/linux-x86_64/bin/../sysroot/usr/include/stdint.h:142:27: note: expanded from macro 'UINT64_C'
  142 | #  define UINT64_C(c)     c ## UL
      |                           ^~~~~~~
<scratch space>:34:1: note: expanded from here
   34 | 18446744073709551615UL
      | ^~~~~~~~~~~~~~~~~~~~~~
In file included from libavcodec/options.c:38:
libavcodec/options_table.h:272:100: warning: implicit conversion from 'unsigned long' to 'double' changes value from 18446744073709551615 to 18446744073709551616 [-Wimplicit-const-int-float-conversion]
  272 | {"channel_layout", NULL, OFFSET(channel_layout), AV_OPT_TYPE_CHANNEL_LAYOUT, {.i64 = DEFAULT }, 0, UINT64_MAX, A|E|D, "channel_layout"},
      | ~                                                                                                  ^~~~~~~~~~
/usr/local/lib/android/sdk/ndk/27.3.13750724//toolchains/llvm/prebuilt/linux-x86_64/bin/../sysroot/usr/include/stdint.h:193:27: note: expanded from macro 'UINT64_MAX'
  193 | #define UINT64_MAX       (UINT64_C(18446744073709551615))
      |                           ^~~~~~~~~~~~~~~~~~~~~~~~~~~~~~
/usr/local/lib/android/sdk/ndk/27.3.13750724//toolchains/llvm/prebuilt/linux-x86_64/bin/../sysroot/usr/include/stdint.h:142:27: note: expanded from macro 'UINT64_C'
  142 | #  define UINT64_C(c)     c ## UL
      |                           ^~~~~~~
<scratch space>:33:1: note: expanded from here
   33 | 18446744073709551615UL
      | ^~~~~~~~~~~~~~~~~~~~~~
In file included from libavcodec/options.c:38:
libavcodec/options_table.h:48:110: warning: implicit conversion from 'long' to 'double' changes value from 9223372036854775807 to 9223372036854775808 [-Wimplicit-const-int-float-conversion]
   48 | {"b", "set bitrate (in bits/s)", OFFSET(bit_rate), AV_OPT_TYPE_INT64, {.i64 = AV_CODEC_DEFAULT_BITRATE }, 0, INT64_MAX, A|V|E},
      | ~                                                                                                            ^~~~~~~~~
/usr/local/lib/android/sdk/ndk/27.3.13750724//toolchains/llvm/prebuilt/linux-x86_64/bin/../sysroot/usr/include/stdint.h:188:27: note: expanded from macro 'INT64_MAX'
  188 | #define INT64_MAX        (INT64_C(9223372036854775807))
      |                           ^~~~~~~~~~~~~~~~~~~~~~~~~~~~
/usr/local/lib/android/sdk/ndk/27.3.13750724//toolchains/llvm/prebuilt/linux-x86_64/bin/../sysroot/usr/include/stdint.h:141:27: note: expanded from macro 'INT64_C'
  141 | #  define INT64_C(c)      c ## L
      |                           ^~~~~~
<scratch space>:32:1: note: expanded from here
   32 | 9223372036854775807L
      | ^~~~~~~~~~~~~~~~~~~~
3 warnings generated.
CC	libavcodec/opus_celt.o
CC	libavcodec/opus_parse.o
CC	libavcodec/opus_pvq.o
CC	libavcodec/opus_rc.o
CC	libavcodec/opus_silk.o
CC	libavcodec/opusdec.o
CC	libavcodec/opusdec_celt.o
CC	libavcodec/opusdsp.o
CC	libavcodec/opustab.o
CC	libavcodec/parser.o
CC	libavcodec/parsers.o
CC	libavcodec/profiles.o
CC	libavcodec/pthread.o
CC	libavcodec/pthread_frame.o
CC	libavcodec/pthread_slice.o
CC	libavcodec/qpeldsp.o
CC	libavcodec/qsv_api.o
CC	libavcodec/raw.o
CC	libavcodec/rdft.o
CC	libavcodec/rl.o
CC	libavcodec/sbrdsp.o
CC	libavcodec/simple_idct.o
CC	libavcodec/sinewin.o
CC	libavcodec/startcode.o
CC	libavcodec/tiff_common.o
CC	libavcodec/to_upper4.o
CC	libavcodec/utils.o
CC	libavcodec/version.o
CC	libavcodec/videodsp.o
CC	libavcodec/vlc.o
CC	libavcodec/vorbis.o
CC	libavcodec/vorbis_data.o
CC	libavcodec/vorbis_parser.o
CC	libavcodec/vorbisdec.o
CC	libavcodec/vorbisdsp.o
CC	libavcodec/vp8.o
CC	libavcodec/vp8dsp.o
libavcodec/vp8dsp.c:299:30: warning: unused function 'vp7_filter_common' [-Wunused-function]
  299 | static av_always_inline void vp7_filter_common(uint8_t *p, ptrdiff_t stride,
      |                              ^~~~~~~~~~~~~~~~~
libavcodec/vp8dsp.c:341:1: warning: unused function 'vp7_normal_limit' [-Wunused-function]
  341 | NORMAL_LIMIT(7)
      | ^~~~~~~~~~~~~~~
libavcodec/vp8dsp.c:330:29: note: expanded from macro 'NORMAL_LIMIT'
  330 | static av_always_inline int vp ## vpn ## _normal_limit(uint8_t *p,            \
      |                             ^~~~~~~~~~~~~~~~~~~~~~~~~~
<scratch space>:39:1: note: expanded from here
   39 | vp7_normal_limit
      | ^~~~~~~~~~~~~~~~
2 warnings generated.
CC	libavcodec/vp9.o
CC	libavcodec/vp9_parser.o
CC	libavcodec/vp9_superframe_split_bsf.o
CC	libavcodec/vp9block.o
CC	libavcodec/vp9data.o
CC	libavcodec/vp9dsp.o
CC	libavcodec/vp9dsp_10bpp.o
CC	libavcodec/vp9dsp_12bpp.o
CC	libavcodec/vp9dsp_8bpp.o
CC	libavcodec/vp9lpf.o
CC	libavcodec/vp9mvs.o
CC	libavcodec/vp9prob.o
CC	libavcodec/vp9recon.o
CC	libavcodec/vpx_rac.o
CC	libavcodec/xiph.o
CC	libavcodec/xvididct.o
GEN	libavcodec/libavcodec.pc
CC	libswresample/aarch64/audio_convert_init.o
AS	libswresample/aarch64/audio_convert_neon.o
AS	libswresample/aarch64/resample.o
CC	libswresample/aarch64/resample_init.o
CC	libswresample/audioconvert.o
CC	libswresample/dither.o
CC	libswresample/options.o
libswresample/options.c:132:144: warning: implicit conversion from 'long' to 'double' changes value from 9223372036854775807 to 9223372036854775808 [-Wimplicit-const-int-float-conversion]
  131 | {"first_pts"            , "Assume the first pts should be this value (in samples)."
      | ~
  132 |                                                         , OFFSET(firstpts_in_samples), AV_OPT_TYPE_INT64 ,{.i64=AV_NOPTS_VALUE    }, INT64_MIN,INT64_MAX, PARAM },
      |                                                                                                                                                ^~~~~~~~~
/usr/local/lib/android/sdk/ndk/27.3.13750724//toolchains/llvm/prebuilt/linux-x86_64/bin/../sysroot/usr/include/stdint.h:188:27: note: expanded from macro 'INT64_MAX'
  188 | #define INT64_MAX        (INT64_C(9223372036854775807))
      |                           ^~~~~~~~~~~~~~~~~~~~~~~~~~~~
/usr/local/lib/android/sdk/ndk/27.3.13750724//toolchains/llvm/prebuilt/linux-x86_64/bin/../sysroot/usr/include/stdint.h:141:27: note: expanded from macro 'INT64_C'
  141 | #  define INT64_C(c)      c ## L
      |                           ^~~~~~
<scratch space>:37:1: note: expanded from here
   37 | 9223372036854775807L
      | ^~~~~~~~~~~~~~~~~~~~
libswresample/options.c:70:145: warning: implicit conversion from 'long' to 'double' changes value from 9223372036854775807 to 9223372036854775808 [-Wimplicit-const-int-float-conversion]
   69 | {"out_channel_layout"   , "set output channel layout (Deprecated, use out_chlayout)",
      | ~
   70 |                                                           OFFSET(user_out_ch_layout), AV_OPT_TYPE_CHANNEL_LAYOUT, {.i64=0         }, INT64_MIN, INT64_MAX, PARAM|DEPREC, "channel_layout"},
      |                                                                                                                                                 ^~~~~~~~~
/usr/local/lib/android/sdk/ndk/27.3.13750724//toolchains/llvm/prebuilt/linux-x86_64/bin/../sysroot/usr/include/stdint.h:188:27: note: expanded from macro 'INT64_MAX'
  188 | #define INT64_MAX        (INT64_C(9223372036854775807))
      |                           ^~~~~~~~~~~~~~~~~~~~~~~~~~~~
/usr/local/lib/android/sdk/ndk/27.3.13750724//toolchains/llvm/prebuilt/linux-x86_64/bin/../sysroot/usr/include/stdint.h:141:27: note: expanded from macro 'INT64_C'
  141 | #  define INT64_C(c)      c ## L
      |                           ^~~~~~
<scratch space>:34:1: note: expanded from here
   34 | 9223372036854775807L
      | ^~~~~~~~~~~~~~~~~~~~
libswresample/options.c:68:145: warning: implicit conversion from 'long' to 'double' changes value from 9223372036854775807 to 9223372036854775808 [-Wimplicit-const-int-float-conversion]
   67 | {"ocl"                  , "set output channel layout (Deprecated, use ochl)",
      | ~
   68 |                                                           OFFSET(user_out_ch_layout), AV_OPT_TYPE_CHANNEL_LAYOUT, {.i64=0         }, INT64_MIN, INT64_MAX, PARAM|DEPREC, "channel_layout"},
      |                                                                                                                                                 ^~~~~~~~~
/usr/local/lib/android/sdk/ndk/27.3.13750724//toolchains/llvm/prebuilt/linux-x86_64/bin/../sysroot/usr/include/stdint.h:188:27: note: expanded from macro 'INT64_MAX'
  188 | #define INT64_MAX        (INT64_C(9223372036854775807))
      |                           ^~~~~~~~~~~~~~~~~~~~~~~~~~~~
/usr/local/lib/android/sdk/ndk/27.3.13750724//toolchains/llvm/prebuilt/linux-x86_64/bin/../sysroot/usr/include/stdint.h:141:27: note: expanded from macro 'INT64_C'
  141 | #  define INT64_C(c)      c ## L
      |                           ^~~~~~
<scratch space>:32:1: note: expanded from here
   32 | 9223372036854775807L
      | ^~~~~~~~~~~~~~~~~~~~
libswresample/options.c:66:145: warning: implicit conversion from 'long' to 'double' changes value from 9223372036854775807 to 9223372036854775808 [-Wimplicit-const-int-float-conversion]
   65 | {"in_channel_layout"    , "set input channel layout (Deprecated, use in_chlayout)",
      | ~
   66 |                                                           OFFSET(user_in_ch_layout), AV_OPT_TYPE_CHANNEL_LAYOUT, {.i64=0          }, INT64_MIN, INT64_MAX, PARAM|DEPREC, "channel_layout"},
      |                                                                                                                                                 ^~~~~~~~~
/usr/local/lib/android/sdk/ndk/27.3.13750724//toolchains/llvm/prebuilt/linux-x86_64/bin/../sysroot/usr/include/stdint.h:188:27: note: expanded from macro 'INT64_MAX'
  188 | #define INT64_MAX        (INT64_C(9223372036854775807))
      |                           ^~~~~~~~~~~~~~~~~~~~~~~~~~~~
/usr/local/lib/android/sdk/ndk/27.3.13750724//toolchains/llvm/prebuilt/linux-x86_64/bin/../sysroot/usr/include/stdint.h:141:27: note: expanded from macro 'INT64_C'
  141 | #  define INT64_C(c)      c ## L
      |                           ^~~~~~
<scratch space>:30:1: note: expanded from here
   30 | 9223372036854775807L
      | ^~~~~~~~~~~~~~~~~~~~
libswresample/options.c:64:145: warning: implicit conversion from 'long' to 'double' changes value from 9223372036854775807 to 9223372036854775808 [-Wimplicit-const-int-float-conversion]
   63 | {"icl"                  , "set input channel layout (Deprecated, use ichl)",
      | ~
   64 |                                                           OFFSET(user_in_ch_layout), AV_OPT_TYPE_CHANNEL_LAYOUT, {.i64=0          }, INT64_MIN, INT64_MAX, PARAM|DEPREC, "channel_layout"},
      |                                                                                                                                                 ^~~~~~~~~
/usr/local/lib/android/sdk/ndk/27.3.13750724//toolchains/llvm/prebuilt/linux-x86_64/bin/../sysroot/usr/include/stdint.h:188:27: note: expanded from macro 'INT64_MAX'
  188 | #define INT64_MAX        (INT64_C(9223372036854775807))
      |                           ^~~~~~~~~~~~~~~~~~~~~~~~~~~~
/usr/local/lib/android/sdk/ndk/27.3.13750724//toolchains/llvm/prebuilt/linux-x86_64/bin/../sysroot/usr/include/stdint.h:141:27: note: expanded from macro 'INT64_C'
  141 | #  define INT64_C(c)      c ## L
      |                           ^~~~~~
<scratch space>:28:1: note: expanded from here
   28 | 9223372036854775807L
      | ^~~~~~~~~~~~~~~~~~~~
5 warnings generated.
CC	libswresample/rematrix.o
CC	libswresample/resample.o
CC	libswresample/resample_dsp.o
CC	libswresample/swresample.o
CC	libswresample/swresample_frame.o
CC	libswresample/version.o
GEN	libswresample/libswresample.pc
CC	libavutil/../compat/strtod.o
CC	libavutil/aarch64/cpu.o
CC	libavutil/aarch64/float_dsp_init.o
AS	libavutil/aarch64/float_dsp_neon.o
CC	libavutil/aarch64/tx_float_init.o
AS	libavutil/aarch64/tx_float_neon.o
CC	libavutil/adler32.o
CC	libavutil/aes.o
CC	libavutil/aes_ctr.o
CC	libavutil/ambient_viewing_environment.o
CC	libavutil/audio_fifo.o
CC	libavutil/avsscanf.o
CC	libavutil/avstring.o
CC	libavutil/base64.o
CC	libavutil/blowfish.o
CC	libavutil/bprint.o
CC	libavutil/buffer.o
CC	libavutil/camellia.o
CC	libavutil/cast5.o
CC	libavutil/channel_layout.o
CC	libavutil/cpu.o
libavutil/cpu.c:116:76: warning: implicit conversion from 'long' to 'double' changes value from 9223372036854775807 to 9223372036854775808 [-Wimplicit-const-int-float-conversion]
  116 |         { "flags"   , NULL, 0, AV_OPT_TYPE_FLAGS, { .i64 = 0 }, INT64_MIN, INT64_MAX, .unit = "flags" },
      |         ~                                                                  ^~~~~~~~~
/usr/local/lib/android/sdk/ndk/27.3.13750724//toolchains/llvm/prebuilt/linux-x86_64/bin/../sysroot/usr/include/stdint.h:188:27: note: expanded from macro 'INT64_MAX'
  188 | #define INT64_MAX        (INT64_C(9223372036854775807))
      |                           ^~~~~~~~~~~~~~~~~~~~~~~~~~~~
/usr/local/lib/android/sdk/ndk/27.3.13750724//toolchains/llvm/prebuilt/linux-x86_64/bin/../sysroot/usr/include/stdint.h:141:27: note: expanded from macro 'INT64_C'
  141 | #  define INT64_C(c)      c ## L
      |                           ^~~~~~
<scratch space>:36:1: note: expanded from here
   36 | 9223372036854775807L
      | ^~~~~~~~~~~~~~~~~~~~
1 warning generated.
CC	libavutil/crc.o
CC	libavutil/csp.o
CC	libavutil/des.o
CC	libavutil/detection_bbox.o
CC	libavutil/dict.o
CC	libavutil/display.o
CC	libavutil/dovi_meta.o
CC	libavutil/downmix_info.o
CC	libavutil/encryption_info.o
CC	libavutil/error.o
CC	libavutil/eval.o
libavutil/eval.c:237:41: warning: implicit conversion from 'unsigned long' to 'double' changes value from 18446744073709551615 to 18446744073709551616 [-Wimplicit-const-int-float-conversion]
  237 |             return e->value * (r * (1.0/UINT64_MAX));
      |                                        ~^~~~~~~~~~
/usr/local/lib/android/sdk/ndk/27.3.13750724//toolchains/llvm/prebuilt/linux-x86_64/bin/../sysroot/usr/include/stdint.h:193:27: note: expanded from macro 'UINT64_MAX'
  193 | #define UINT64_MAX       (UINT64_C(18446744073709551615))
      |                           ^~~~~~~~~~~~~~~~~~~~~~~~~~~~~~
/usr/local/lib/android/sdk/ndk/27.3.13750724//toolchains/llvm/prebuilt/linux-x86_64/bin/../sysroot/usr/include/stdint.h:142:27: note: expanded from macro 'UINT64_C'
  142 | #  define UINT64_C(c)     c ## UL
      |                           ^~~~~~~
<scratch space>:26:1: note: expanded from here
   26 | 18446744073709551615UL
      | ^~~~~~~~~~~~~~~~~~~~~~
CC	libavutil/fifo.o
CC	libavutil/file.o
CC	libavutil/file_open.o
CC	libavutil/film_grain_params.o
CC	libavutil/fixed_dsp.o
1 warning generated.
CC	libavutil/float_dsp.o
CC	libavutil/frame.o
CC	libavutil/hash.o
CC	libavutil/hdr_dynamic_metadata.o
CC	libavutil/hdr_dynamic_vivid_metadata.o
CC	libavutil/hmac.o
CC	libavutil/hwcontext.o
CC	libavutil/hwcontext_stub.o
CC	libavutil/imgutils.o
CC	libavutil/integer.o
CC	libavutil/intmath.o
CC	libavutil/lfg.o
CC	libavutil/lls.o
CC	libavutil/log.o
CC	libavutil/log2_tab.o
CC	libavutil/lzo.o
CC	libavutil/mastering_display_metadata.o
CC	libavutil/mathematics.o
CC	libavutil/md5.o
CC	libavutil/mem.o
CC	libavutil/murmur3.o
CC	libavutil/opt.o
CC	libavutil/parseutils.o
CC	libavutil/pixdesc.o
CC	libavutil/pixelutils.o
CC	libavutil/random_seed.o
CC	libavutil/rational.o
CC	libavutil/rc4.o
CC	libavutil/reverse.o
CC	libavutil/ripemd.o
CC	libavutil/samplefmt.o
CC	libavutil/sha.o
CC	libavutil/sha512.o
CC	libavutil/slicethread.o
CC	libavutil/spherical.o
CC	libavutil/stereo3d.o
CC	libavutil/tea.o
CC	libavutil/threadmessage.o
CC	libavutil/time.o
CC	libavutil/timecode.o
CC	libavutil/tree.o
CC	libavutil/twofish.o
CC	libavutil/tx.o
CC	libavutil/tx_double.o
CC	libavutil/tx_float.o
CC	libavutil/tx_int32.o
CC	libavutil/utils.o
CC	libavutil/uuid.o
CC	libavutil/version.o
CC	libavutil/video_enc_params.o
CC	libavutil/xga_font_data.o
CC	libavutil/xtea.o
GEN	libavutil/libavutil.pc
AR	libavcodec/libavcodec.a
AR	libswresample/libswresample.a
AR	libavutil/libavutil.a
INSTALL	libavcodec/libavcodec.a
INSTALL	libswresample/libswresample.a
INSTALL	libavutil/libavutil.a
install prefix            /usr/local
source path               .
C compiler                /usr/local/lib/android/sdk/ndk/27.3.13750724//toolchains/llvm/prebuilt/linux-x86_64/bin/i686-linux-android21-clang
C library                 bionic
host C compiler           gcc
host C library            glibc
ARCH                      c (i686)
big-endian                no
runtime cpu detection     yes
debug symbols             yes
strip symbols             yes
optimize for size         no
optimizations             yes
static                    yes
shared                    no
postprocessing support    no
network support           no
threading support         pthreads
safe bitstream reader     yes
texi2html enabled         no
perl enabled              yes
pod2man enabled           yes
makeinfo enabled          yes
makeinfo supports HTML    yes
xmllint enabled           no

External libraries:
zlib

External libraries providing hardware acceleration:
cuda_llvm

Libraries:
avcodec                 avutil                  swresample

Programs:

Enabled decoders:
aac                     h264                    opus
ac3                     hevc                    vorbis
eac3                    mjpeg                   vp8
flac                    mp3                     vp9
h263                    mpeg4

Enabled encoders:

Enabled hwaccels:

Enabled parsers:
ac3                     mpeg4video
h263                    vp9

Enabled demuxers:

Enabled muxers:

Enabled protocols:

Enabled filters:

Enabled bsfs:
vp9_superframe_split

Enabled indevs:

Enabled outdevs:

License: LGPL version 2.1 or later

WARNING: Option --enable-decoder=dts did not match anything
WARNING: /usr/local/lib/android/sdk/ndk/27.3.13750724//toolchains/llvm/prebuilt/linux-x86_64/bin/i686-linux-android21-pkg-config not found, library detection may fail.
config_components.h is unchanged
libavfilter/filter_list.c is unchanged
libavcodec/codec_list.c is unchanged
libavcodec/parser_list.c is unchanged
libavcodec/bsf_list.c is unchanged
libavformat/demuxer_list.c is unchanged
libavformat/muxer_list.c is unchanged
libavdevice/indev_list.c is unchanged
libavdevice/outdev_list.c is unchanged
libavformat/protocol_list.c is unchanged
GEN	libavutil/libavutil.version
GEN	libswresample/libswresample.version
GEN	libavcodec/libavcodec.version
CC	libavcodec/aac_ac3_parser.o
CC	libavcodec/aacdec.o
CC	libavcodec/aacps_common.o
CC	libavcodec/aacps_float.o
CC	libavcodec/aacpsdsp_float.o
CC	libavcodec/aacsbr.o
CC	libavcodec/aactab.o
CC	libavcodec/ac3.o
CC	libavcodec/ac3_channel_layout_tab.o
CC	libavcodec/ac3_parser.o
CC	libavcodec/ac3dec_data.o
CC	libavcodec/ac3dec_float.o
CC	libavcodec/ac3dsp.o
CC	libavcodec/ac3tab.o
CC	libavcodec/adts_header.o
CC	libavcodec/adts_parser.o
CC	libavcodec/allcodecs.o
CC	libavcodec/atsc_a53.o
CC	libavcodec/avcodec.o
CC	libavcodec/avdct.o
CC	libavcodec/avfft.o
CC	libavcodec/avpacket.o
CC	libavcodec/bitstream.o
CC	libavcodec/bitstream_filters.o
CC	libavcodec/blockdsp.o
CC	libavcodec/bsf.o
CC	libavcodec/bswapdsp.o
CC	libavcodec/cabac.o
CC	libavcodec/cbrt_data.o
CC	libavcodec/codec_desc.o
CC	libavcodec/codec_par.o
CC	libavcodec/d3d11va.o
CC	libavcodec/dct.o
CC	libavcodec/dct32_fixed.o
CC	libavcodec/dct32_float.o
CC	libavcodec/decode.o
CC	libavcodec/dirac.o
CC	libavcodec/dovi_rpu.o
CC	libavcodec/dv_profile.o
CC	libavcodec/dynamic_hdr10_plus.o
CC	libavcodec/dynamic_hdr_vivid.o
CC	libavcodec/eac3_data.o
CC	libavcodec/encode.o
CC	libavcodec/error_resilience.o
CC	libavcodec/exif.o
libavcodec/error_resilience.c:396:12: warning: variable 'depth' set but not used [-Wunused-but-set-variable]
  396 |     int i, depth, num_avail;
      |            ^
CC	libavcodec/faandct.o
CC	libavcodec/faanidct.o
CC	libavcodec/fdctdsp.o
CC	libavcodec/fft_fixed_32.o
CC	libavcodec/fft_float.o
CC	libavcodec/fft_init_table.o
CC	libavcodec/flac.o
CC	libavcodec/flacdata.o
CC	libavcodec/flacdec.o
CC	libavcodec/flacdsp.o
CC	libavcodec/fmtconvert.o
CC	libavcodec/get_buffer.o
CC	libavcodec/golomb.o
CC	libavcodec/h263.o
CC	libavcodec/h263_parser.o
CC	libavcodec/h263data.o
CC	libavcodec/h263dec.o
CC	libavcodec/h263dsp.o
CC	libavcodec/h2645_parse.o
CC	libavcodec/h2645_sei.o
1 warning generated.
CC	libavcodec/h2645_vui.o
CC	libavcodec/h2645data.o
CC	libavcodec/h264_cabac.o
CC	libavcodec/h264_cavlc.o
CC	libavcodec/h264_direct.o
CC	libavcodec/h264_loopfilter.o
CC	libavcodec/h264_mb.o
CC	libavcodec/h264_parse.o
CC	libavcodec/h264_picture.o
CC	libavcodec/h264_ps.o
CC	libavcodec/h264_refs.o
CC	libavcodec/h264_sei.o
CC	libavcodec/h264_slice.o
CC	libavcodec/h264chroma.o
CC	libavcodec/h264data.o
CC	libavcodec/h264dec.o
CC	libavcodec/h264dsp.o
CC	libavcodec/h264idct.o
CC	libavcodec/h264pred.o
CC	libavcodec/h264qpel.o
CC	libavcodec/h274.o
CC	libavcodec/hevc_cabac.o
libavcodec/hevc_cabac.c:37:21: warning: variable 'num_bins_in_se' is not needed and will not be emitted [-Wunneeded-internal-declaration]
   37 | static const int8_t num_bins_in_se[] = {
      |                     ^~~~~~~~~~~~~~
CC	libavcodec/hevc_data.o
CC	libavcodec/hevc_filter.o
1 warning generated.
CC	libavcodec/hevc_mvs.o
CC	libavcodec/hevc_parse.o
CC	libavcodec/hevc_ps.o
CC	libavcodec/hevc_refs.o
CC	libavcodec/hevc_sei.o
CC	libavcodec/hevcdec.o
CC	libavcodec/hevcdsp.o
CC	libavcodec/hevcpred.o
CC	libavcodec/hpeldsp.o
CC	libavcodec/idctdsp.o
CC	libavcodec/imgconvert.o
CC	libavcodec/ituh263dec.o
CC	libavcodec/jfdctfst.o
CC	libavcodec/jfdctint.o
CC	libavcodec/jni.o
CC	libavcodec/jpegtables.o
CC	libavcodec/jrevdct.o
CC	libavcodec/kbdwin.o
CC	libavcodec/mathtables.o
CC	libavcodec/me_cmp.o
CC	libavcodec/mediacodec.o
CC	libavcodec/mjpegdec.o
CC	libavcodec/mjpegdec_common.o
CC	libavcodec/mpeg12framerate.o
CC	libavcodec/mpeg4audio.o
CC	libavcodec/mpeg4audio_sample_rates.o
CC	libavcodec/mpeg4video.o
CC	libavcodec/mpeg4video_parser.o
CC	libavcodec/mpeg4videodec.o
libavcodec/mpeg4videodec.c:737:13: warning: variable 'time_incr' set but not used [-Wunused-but-set-variable]
  737 |         int time_incr = 0;
      |             ^
CC	libavcodec/mpeg4videodsp.o
CC	libavcodec/mpeg_er.o
CC	libavcodec/mpegaudio.o
CC	libavcodec/mpegaudiodata.o
CC	libavcodec/mpegaudiodec_common.o
CC	libavcodec/mpegaudiodec_fixed.o
1 warning generated.
CC	libavcodec/mpegaudiodecheader.o
CC	libavcodec/mpegaudiodsp.o
CC	libavcodec/mpegaudiodsp_data.o
CC	libavcodec/mpegaudiodsp_fixed.o
CC	libavcodec/mpegaudiodsp_float.o
CC	libavcodec/mpegaudiotabs.o
CC	libavcodec/mpegpicture.o
CC	libavcodec/mpegutils.o
CC	libavcodec/mpegvideo.o
CC	libavcodec/mpegvideo_dec.o
CC	libavcodec/mpegvideo_motion.o
CC	libavcodec/mpegvideodata.o
CC	libavcodec/options.o
In file included from libavcodec/options.c:38:
libavcodec/options_table.h:273:116: warning: implicit conversion from 'unsigned long long' to 'double' changes value from 18446744073709551615 to 18446744073709551616 [-Wimplicit-const-int-float-conversion]
  273 | {"request_channel_layout", NULL, OFFSET(request_channel_layout), AV_OPT_TYPE_CHANNEL_LAYOUT, {.i64 = DEFAULT }, 0, UINT64_MAX, A|D, "request_channel_layout"},
      | ~                                                                                                                  ^~~~~~~~~~
/usr/local/lib/android/sdk/ndk/27.3.13750724//toolchains/llvm/prebuilt/linux-x86_64/bin/../sysroot/usr/include/stdint.h:193:27: note: expanded from macro 'UINT64_MAX'
  193 | #define UINT64_MAX       (UINT64_C(18446744073709551615))
      |                           ^~~~~~~~~~~~~~~~~~~~~~~~~~~~~~
/usr/local/lib/android/sdk/ndk/27.3.13750724//toolchains/llvm/prebuilt/linux-x86_64/bin/../sysroot/usr/include/stdint.h:148:27: note: expanded from macro 'UINT64_C'
  148 | #  define UINT64_C(c)     c ## ULL
      |                           ^~~~~~~~
<scratch space>:34:1: note: expanded from here
   34 | 18446744073709551615ULL
      | ^~~~~~~~~~~~~~~~~~~~~~~
In file included from libavcodec/options.c:38:
libavcodec/options_table.h:272:100: warning: implicit conversion from 'unsigned long long' to 'double' changes value from 18446744073709551615 to 18446744073709551616 [-Wimplicit-const-int-float-conversion]
  272 | {"channel_layout", NULL, OFFSET(channel_layout), AV_OPT_TYPE_CHANNEL_LAYOUT, {.i64 = DEFAULT }, 0, UINT64_MAX, A|E|D, "channel_layout"},
      | ~                                                                                                  ^~~~~~~~~~
/usr/local/lib/android/sdk/ndk/27.3.13750724//toolchains/llvm/prebuilt/linux-x86_64/bin/../sysroot/usr/include/stdint.h:193:27: note: expanded from macro 'UINT64_MAX'
  193 | #define UINT64_MAX       (UINT64_C(18446744073709551615))
      |                           ^~~~~~~~~~~~~~~~~~~~~~~~~~~~~~
/usr/local/lib/android/sdk/ndk/27.3.13750724//toolchains/llvm/prebuilt/linux-x86_64/bin/../sysroot/usr/include/stdint.h:148:27: note: expanded from macro 'UINT64_C'
  148 | #  define UINT64_C(c)     c ## ULL
      |                           ^~~~~~~~
<scratch space>:33:1: note: expanded from here
   33 | 18446744073709551615ULL
      | ^~~~~~~~~~~~~~~~~~~~~~~
In file included from libavcodec/options.c:38:
libavcodec/options_table.h:48:110: warning: implicit conversion from 'long long' to 'double' changes value from 9223372036854775807 to 9223372036854775808 [-Wimplicit-const-int-float-conversion]
   48 | {"b", "set bitrate (in bits/s)", OFFSET(bit_rate), AV_OPT_TYPE_INT64, {.i64 = AV_CODEC_DEFAULT_BITRATE }, 0, INT64_MAX, A|V|E},
      | ~                                                                                                            ^~~~~~~~~
/usr/local/lib/android/sdk/ndk/27.3.13750724//toolchains/llvm/prebuilt/linux-x86_64/bin/../sysroot/usr/include/stdint.h:188:27: note: expanded from macro 'INT64_MAX'
  188 | #define INT64_MAX        (INT64_C(9223372036854775807))
      |                           ^~~~~~~~~~~~~~~~~~~~~~~~~~~~
/usr/local/lib/android/sdk/ndk/27.3.13750724//toolchains/llvm/prebuilt/linux-x86_64/bin/../sysroot/usr/include/stdint.h:147:27: note: expanded from macro 'INT64_C'
  147 | #  define INT64_C(c)      c ## LL
      |                           ^~~~~~~
<scratch space>:32:1: note: expanded from here
   32 | 9223372036854775807LL
      | ^~~~~~~~~~~~~~~~~~~~~
3 warnings generated.
CC	libavcodec/opus_celt.o
CC	libavcodec/opus_parse.o
CC	libavcodec/opus_pvq.o
CC	libavcodec/opus_rc.o
CC	libavcodec/opus_silk.o
CC	libavcodec/opusdec.o
CC	libavcodec/opusdec_celt.o
CC	libavcodec/opusdsp.o
CC	libavcodec/opustab.o
CC	libavcodec/parser.o
CC	libavcodec/parsers.o
CC	libavcodec/profiles.o
CC	libavcodec/pthread.o
CC	libavcodec/pthread_frame.o
CC	libavcodec/pthread_slice.o
CC	libavcodec/qpeldsp.o
CC	libavcodec/qsv_api.o
CC	libavcodec/raw.o
CC	libavcodec/rdft.o
CC	libavcodec/rl.o
CC	libavcodec/sbrdsp.o
CC	libavcodec/simple_idct.o
CC	libavcodec/sinewin.o
CC	libavcodec/startcode.o
CC	libavcodec/tiff_common.o
CC	libavcodec/to_upper4.o
CC	libavcodec/utils.o
CC	libavcodec/version.o
CC	libavcodec/videodsp.o
CC	libavcodec/vlc.o
CC	libavcodec/vorbis.o
CC	libavcodec/vorbis_data.o
CC	libavcodec/vorbis_parser.o
CC	libavcodec/vorbisdec.o
CC	libavcodec/vorbisdsp.o
CC	libavcodec/vp8.o
CC	libavcodec/vp8dsp.o
libavcodec/vp8dsp.c:299:30: warning: unused function 'vp7_filter_common' [-Wunused-function]
  299 | static av_always_inline void vp7_filter_common(uint8_t *p, ptrdiff_t stride,
      |                              ^~~~~~~~~~~~~~~~~
libavcodec/vp8dsp.c:341:1: warning: unused function 'vp7_normal_limit' [-Wunused-function]
  341 | NORMAL_LIMIT(7)
      | ^~~~~~~~~~~~~~~
libavcodec/vp8dsp.c:330:29: note: expanded from macro 'NORMAL_LIMIT'
  330 | static av_always_inline int vp ## vpn ## _normal_limit(uint8_t *p,            \
      |                             ^~~~~~~~~~~~~~~~~~~~~~~~~~
<scratch space>:39:1: note: expanded from here
   39 | vp7_normal_limit
      | ^~~~~~~~~~~~~~~~
2 warnings generated.
CC	libavcodec/vp9.o
CC	libavcodec/vp9_parser.o
CC	libavcodec/vp9_superframe_split_bsf.o
CC	libavcodec/vp9block.o
CC	libavcodec/vp9data.o
CC	libavcodec/vp9dsp.o
CC	libavcodec/vp9dsp_10bpp.o
CC	libavcodec/vp9dsp_12bpp.o
CC	libavcodec/vp9dsp_8bpp.o
CC	libavcodec/vp9lpf.o
CC	libavcodec/vp9mvs.o
CC	libavcodec/vp9prob.o
CC	libavcodec/vp9recon.o
CC	libavcodec/vpx_rac.o
CC	libavcodec/xiph.o
CC	libavcodec/xvididct.o
GEN	libavcodec/libavcodec.pc
CC	libswresample/audioconvert.o
CC	libswresample/dither.o
CC	libswresample/options.o
libswresample/options.c:132:144: warning: implicit conversion from 'long long' to 'double' changes value from 9223372036854775807 to 9223372036854775808 [-Wimplicit-const-int-float-conversion]
  131 | {"first_pts"            , "Assume the first pts should be this value (in samples)."
      | ~
  132 |                                                         , OFFSET(firstpts_in_samples), AV_OPT_TYPE_INT64 ,{.i64=AV_NOPTS_VALUE    }, INT64_MIN,INT64_MAX, PARAM },
      |                                                                                                                                                ^~~~~~~~~
/usr/local/lib/android/sdk/ndk/27.3.13750724//toolchains/llvm/prebuilt/linux-x86_64/bin/../sysroot/usr/include/stdint.h:188:27: note: expanded from macro 'INT64_MAX'
  188 | #define INT64_MAX        (INT64_C(9223372036854775807))
      |                           ^~~~~~~~~~~~~~~~~~~~~~~~~~~~
/usr/local/lib/android/sdk/ndk/27.3.13750724//toolchains/llvm/prebuilt/linux-x86_64/bin/../sysroot/usr/include/stdint.h:147:27: note: expanded from macro 'INT64_C'
  147 | #  define INT64_C(c)      c ## LL
      |                           ^~~~~~~
<scratch space>:37:1: note: expanded from here
   37 | 9223372036854775807LL
      | ^~~~~~~~~~~~~~~~~~~~~
libswresample/options.c:70:145: warning: implicit conversion from 'long long' to 'double' changes value from 9223372036854775807 to 9223372036854775808 [-Wimplicit-const-int-float-conversion]
   69 | {"out_channel_layout"   , "set output channel layout (Deprecated, use out_chlayout)",
      | ~
   70 |                                                           OFFSET(user_out_ch_layout), AV_OPT_TYPE_CHANNEL_LAYOUT, {.i64=0         }, INT64_MIN, INT64_MAX, PARAM|DEPREC, "channel_layout"},
      |                                                                                                                                                 ^~~~~~~~~
/usr/local/lib/android/sdk/ndk/27.3.13750724//toolchains/llvm/prebuilt/linux-x86_64/bin/../sysroot/usr/include/stdint.h:188:27: note: expanded from macro 'INT64_MAX'
  188 | #define INT64_MAX        (INT64_C(9223372036854775807))
      |                           ^~~~~~~~~~~~~~~~~~~~~~~~~~~~
/usr/local/lib/android/sdk/ndk/27.3.13750724//toolchains/llvm/prebuilt/linux-x86_64/bin/../sysroot/usr/include/stdint.h:147:27: note: expanded from macro 'INT64_C'
  147 | #  define INT64_C(c)      c ## LL
      |                           ^~~~~~~
<scratch space>:34:1: note: expanded from here
   34 | 9223372036854775807LL
      | ^~~~~~~~~~~~~~~~~~~~~
libswresample/options.c:68:145: warning: implicit conversion from 'long long' to 'double' changes value from 9223372036854775807 to 9223372036854775808 [-Wimplicit-const-int-float-conversion]
   67 | {"ocl"                  , "set output channel layout (Deprecated, use ochl)",
      | ~
   68 |                                                           OFFSET(user_out_ch_layout), AV_OPT_TYPE_CHANNEL_LAYOUT, {.i64=0         }, INT64_MIN, INT64_MAX, PARAM|DEPREC, "channel_layout"},
      |                                                                                                                                                 ^~~~~~~~~
/usr/local/lib/android/sdk/ndk/27.3.13750724//toolchains/llvm/prebuilt/linux-x86_64/bin/../sysroot/usr/include/stdint.h:188:27: note: expanded from macro 'INT64_MAX'
  188 | #define INT64_MAX        (INT64_C(9223372036854775807))
      |                           ^~~~~~~~~~~~~~~~~~~~~~~~~~~~
/usr/local/lib/android/sdk/ndk/27.3.13750724//toolchains/llvm/prebuilt/linux-x86_64/bin/../sysroot/usr/include/stdint.h:147:27: note: expanded from macro 'INT64_C'
  147 | #  define INT64_C(c)      c ## LL
      |                           ^~~~~~~
<scratch space>:32:1: note: expanded from here
   32 | 9223372036854775807LL
      | ^~~~~~~~~~~~~~~~~~~~~
libswresample/options.c:66:145: warning: implicit conversion from 'long long' to 'double' changes value from 9223372036854775807 to 9223372036854775808 [-Wimplicit-const-int-float-conversion]
   65 | {"in_channel_layout"    , "set input channel layout (Deprecated, use in_chlayout)",
      | ~
   66 |                                                           OFFSET(user_in_ch_layout), AV_OPT_TYPE_CHANNEL_LAYOUT, {.i64=0          }, INT64_MIN, INT64_MAX, PARAM|DEPREC, "channel_layout"},
      |                                                                                                                                                 ^~~~~~~~~
/usr/local/lib/android/sdk/ndk/27.3.13750724//toolchains/llvm/prebuilt/linux-x86_64/bin/../sysroot/usr/include/stdint.h:188:27: note: expanded from macro 'INT64_MAX'
  188 | #define INT64_MAX        (INT64_C(9223372036854775807))
      |                           ^~~~~~~~~~~~~~~~~~~~~~~~~~~~
/usr/local/lib/android/sdk/ndk/27.3.13750724//toolchains/llvm/prebuilt/linux-x86_64/bin/../sysroot/usr/include/stdint.h:147:27: note: expanded from macro 'INT64_C'
  147 | #  define INT64_C(c)      c ## LL
      |                           ^~~~~~~
<scratch space>:30:1: note: expanded from here
   30 | 9223372036854775807LL
      | ^~~~~~~~~~~~~~~~~~~~~
libswresample/options.c:64:145: warning: implicit conversion from 'long long' to 'double' changes value from 9223372036854775807 to 9223372036854775808 [-Wimplicit-const-int-float-conversion]
   63 | {"icl"                  , "set input channel layout (Deprecated, use ichl)",
      | ~
   64 |                                                           OFFSET(user_in_ch_layout), AV_OPT_TYPE_CHANNEL_LAYOUT, {.i64=0          }, INT64_MIN, INT64_MAX, PARAM|DEPREC, "channel_layout"},
      |                                                                                                                                                 ^~~~~~~~~
/usr/local/lib/android/sdk/ndk/27.3.13750724//toolchains/llvm/prebuilt/linux-x86_64/bin/../sysroot/usr/include/stdint.h:188:27: note: expanded from macro 'INT64_MAX'
  188 | #define INT64_MAX        (INT64_C(9223372036854775807))
      |                           ^~~~~~~~~~~~~~~~~~~~~~~~~~~~
/usr/local/lib/android/sdk/ndk/27.3.13750724//toolchains/llvm/prebuilt/linux-x86_64/bin/../sysroot/usr/include/stdint.h:147:27: note: expanded from macro 'INT64_C'
  147 | #  define INT64_C(c)      c ## LL
      |                           ^~~~~~~
<scratch space>:28:1: note: expanded from here
   28 | 9223372036854775807LL
      | ^~~~~~~~~~~~~~~~~~~~~
5 warnings generated.
CC	libswresample/rematrix.o
CC	libswresample/resample.o
CC	libswresample/resample_dsp.o
CC	libswresample/swresample.o
CC	libswresample/swresample_frame.o
CC	libswresample/version.o
GEN	libswresample/libswresample.pc
CC	libavutil/../compat/strtod.o
CC	libavutil/adler32.o
CC	libavutil/aes.o
CC	libavutil/aes_ctr.o
CC	libavutil/ambient_viewing_environment.o
CC	libavutil/audio_fifo.o
CC	libavutil/avsscanf.o
CC	libavutil/avstring.o
CC	libavutil/base64.o
CC	libavutil/blowfish.o
CC	libavutil/bprint.o
CC	libavutil/buffer.o
CC	libavutil/camellia.o
CC	libavutil/cast5.o
CC	libavutil/channel_layout.o
CC	libavutil/cpu.o
libavutil/cpu.c:116:76: warning: implicit conversion from 'long long' to 'double' changes value from 9223372036854775807 to 9223372036854775808 [-Wimplicit-const-int-float-conversion]
  116 |         { "flags"   , NULL, 0, AV_OPT_TYPE_FLAGS, { .i64 = 0 }, INT64_MIN, INT64_MAX, .unit = "flags" },
      |         ~                                                                  ^~~~~~~~~
/usr/local/lib/android/sdk/ndk/27.3.13750724//toolchains/llvm/prebuilt/linux-x86_64/bin/../sysroot/usr/include/stdint.h:188:27: note: expanded from macro 'INT64_MAX'
  188 | #define INT64_MAX        (INT64_C(9223372036854775807))
      |                           ^~~~~~~~~~~~~~~~~~~~~~~~~~~~
/usr/local/lib/android/sdk/ndk/27.3.13750724//toolchains/llvm/prebuilt/linux-x86_64/bin/../sysroot/usr/include/stdint.h:147:27: note: expanded from macro 'INT64_C'
  147 | #  define INT64_C(c)      c ## LL
      |                           ^~~~~~~
<scratch space>:41:1: note: expanded from here
   41 | 9223372036854775807LL
      | ^~~~~~~~~~~~~~~~~~~~~
1 warning generated.
CC	libavutil/crc.o
CC	libavutil/csp.o
CC	libavutil/des.o
CC	libavutil/detection_bbox.o
CC	libavutil/dict.o
CC	libavutil/display.o
CC	libavutil/dovi_meta.o
CC	libavutil/downmix_info.o
CC	libavutil/encryption_info.o
CC	libavutil/error.o
CC	libavutil/eval.o
CC	libavutil/fifo.o
CC	libavutil/file.o
libavutil/eval.c:237:41: warning: implicit conversion from 'unsigned long long' to 'double' changes value from 18446744073709551615 to 18446744073709551616 [-Wimplicit-const-int-float-conversion]
  237 |             return e->value * (r * (1.0/UINT64_MAX));
      |                                        ~^~~~~~~~~~
/usr/local/lib/android/sdk/ndk/27.3.13750724//toolchains/llvm/prebuilt/linux-x86_64/bin/../sysroot/usr/include/stdint.h:193:27: note: expanded from macro 'UINT64_MAX'
  193 | #define UINT64_MAX       (UINT64_C(18446744073709551615))
      |                           ^~~~~~~~~~~~~~~~~~~~~~~~~~~~~~
/usr/local/lib/android/sdk/ndk/27.3.13750724//toolchains/llvm/prebuilt/linux-x86_64/bin/../sysroot/usr/include/stdint.h:148:27: note: expanded from macro 'UINT64_C'
  148 | #  define UINT64_C(c)     c ## ULL
      |                           ^~~~~~~~
<scratch space>:26:1: note: expanded from here
   26 | 18446744073709551615ULL
      | ^~~~~~~~~~~~~~~~~~~~~~~
CC	libavutil/file_open.o
CC	libavutil/film_grain_params.o
CC	libavutil/fixed_dsp.o
CC	libavutil/float_dsp.o
CC	libavutil/frame.o
CC	libavutil/hash.o
1 warning generated.
CC	libavutil/hdr_dynamic_metadata.o
CC	libavutil/hdr_dynamic_vivid_metadata.o
CC	libavutil/hmac.o
CC	libavutil/hwcontext.o
CC	libavutil/hwcontext_stub.o
CC	libavutil/imgutils.o
CC	libavutil/integer.o
CC	libavutil/intmath.o
CC	libavutil/lfg.o
CC	libavutil/lls.o
CC	libavutil/log.o
CC	libavutil/log2_tab.o
CC	libavutil/lzo.o
CC	libavutil/mastering_display_metadata.o
CC	libavutil/mathematics.o
CC	libavutil/md5.o
CC	libavutil/mem.o
CC	libavutil/murmur3.o
CC	libavutil/opt.o
CC	libavutil/parseutils.o
CC	libavutil/pixdesc.o
CC	libavutil/pixelutils.o
CC	libavutil/random_seed.o
CC	libavutil/rational.o
CC	libavutil/rc4.o
CC	libavutil/reverse.o
CC	libavutil/ripemd.o
CC	libavutil/samplefmt.o
CC	libavutil/sha.o
CC	libavutil/sha512.o
CC	libavutil/slicethread.o
CC	libavutil/spherical.o
CC	libavutil/stereo3d.o
CC	libavutil/tea.o
CC	libavutil/threadmessage.o
CC	libavutil/time.o
CC	libavutil/timecode.o
CC	libavutil/tree.o
CC	libavutil/twofish.o
CC	libavutil/tx.o
CC	libavutil/tx_double.o
CC	libavutil/tx_float.o
CC	libavutil/tx_int32.o
CC	libavutil/utils.o
CC	libavutil/uuid.o
CC	libavutil/version.o
CC	libavutil/video_enc_params.o
CC	libavutil/xga_font_data.o
CC	libavutil/xtea.o
GEN	libavutil/libavutil.pc
AR	libavcodec/libavcodec.a
AR	libswresample/libswresample.a
AR	libavutil/libavutil.a
INSTALL	libavcodec/libavcodec.a
INSTALL	libswresample/libswresample.a
INSTALL	libavutil/libavutil.a
install prefix            /usr/local
source path               .
C compiler                /usr/local/lib/android/sdk/ndk/27.3.13750724//toolchains/llvm/prebuilt/linux-x86_64/bin/x86_64-linux-android21-clang
C library                 bionic
host C compiler           gcc
host C library            glibc
ARCH                      c (x86-64)
big-endian                no
runtime cpu detection     yes
debug symbols             yes
strip symbols             yes
optimize for size         no
optimizations             yes
static                    yes
shared                    no
postprocessing support    no
network support           no
threading support         pthreads
safe bitstream reader     yes
texi2html enabled         no
perl enabled              yes
pod2man enabled           yes
makeinfo enabled          yes
makeinfo supports HTML    yes
xmllint enabled           no

External libraries:
zlib

External libraries providing hardware acceleration:
cuda_llvm

Libraries:
avcodec                 avutil                  swresample

Programs:

Enabled decoders:
aac                     h264                    opus
ac3                     hevc                    vorbis
eac3                    mjpeg                   vp8
flac                    mp3                     vp9
h263                    mpeg4

Enabled encoders:

Enabled hwaccels:

Enabled parsers:
ac3                     mpeg4video
h263                    vp9

Enabled demuxers:

Enabled muxers:

Enabled protocols:

Enabled filters:

Enabled bsfs:
vp9_superframe_split

Enabled indevs:

Enabled outdevs:

License: LGPL version 2.1 or later

WARNING: Option --enable-decoder=dts did not match anything
WARNING: /usr/local/lib/android/sdk/ndk/27.3.13750724//toolchains/llvm/prebuilt/linux-x86_64/bin/x86_64-linux-android21-pkg-config not found, library detection may fail.
config_components.h is unchanged
libavutil/avconfig.h is unchanged
libavfilter/filter_list.c is unchanged
libavcodec/codec_list.c is unchanged
libavcodec/parser_list.c is unchanged
libavcodec/bsf_list.c is unchanged
libavformat/demuxer_list.c is unchanged
libavformat/muxer_list.c is unchanged
libavdevice/indev_list.c is unchanged
libavdevice/outdev_list.c is unchanged
libavformat/protocol_list.c is unchanged
GEN	libavutil/libavutil.version
GEN	libswresample/libswresample.version
GEN	libavcodec/libavcodec.version
CC	libavcodec/aac_ac3_parser.o
CC	libavcodec/aacdec.o
CC	libavcodec/aacps_common.o
CC	libavcodec/aacps_float.o
CC	libavcodec/aacpsdsp_float.o
CC	libavcodec/aacsbr.o
CC	libavcodec/aactab.o
CC	libavcodec/ac3.o
CC	libavcodec/ac3_channel_layout_tab.o
CC	libavcodec/ac3_parser.o
CC	libavcodec/ac3dec_data.o
CC	libavcodec/ac3dec_float.o
CC	libavcodec/ac3dsp.o
CC	libavcodec/ac3tab.o
CC	libavcodec/adts_header.o
CC	libavcodec/adts_parser.o
CC	libavcodec/allcodecs.o
CC	libavcodec/atsc_a53.o
CC	libavcodec/avcodec.o
CC	libavcodec/avdct.o
CC	libavcodec/avfft.o
CC	libavcodec/avpacket.o
CC	libavcodec/bitstream.o
CC	libavcodec/bitstream_filters.o
CC	libavcodec/blockdsp.o
CC	libavcodec/bsf.o
CC	libavcodec/bswapdsp.o
CC	libavcodec/cabac.o
CC	libavcodec/cbrt_data.o
CC	libavcodec/codec_desc.o
CC	libavcodec/codec_par.o
CC	libavcodec/d3d11va.o
CC	libavcodec/dct.o
CC	libavcodec/dct32_fixed.o
CC	libavcodec/dct32_float.o
CC	libavcodec/decode.o
CC	libavcodec/dirac.o
CC	libavcodec/dovi_rpu.o
CC	libavcodec/dv_profile.o
CC	libavcodec/dynamic_hdr10_plus.o
CC	libavcodec/dynamic_hdr_vivid.o
CC	libavcodec/eac3_data.o
CC	libavcodec/encode.o
CC	libavcodec/error_resilience.o
CC	libavcodec/exif.o
CC	libavcodec/faandct.o
libavcodec/error_resilience.c:396:12: warning: variable 'depth' set but not used [-Wunused-but-set-variable]
  396 |     int i, depth, num_avail;
      |            ^
CC	libavcodec/faanidct.o
CC	libavcodec/fdctdsp.o
CC	libavcodec/fft_fixed_32.o
CC	libavcodec/fft_float.o
CC	libavcodec/fft_init_table.o
CC	libavcodec/flac.o
CC	libavcodec/flacdata.o
CC	libavcodec/flacdec.o
CC	libavcodec/flacdsp.o
CC	libavcodec/fmtconvert.o
CC	libavcodec/get_buffer.o
CC	libavcodec/golomb.o
CC	libavcodec/h263.o
CC	libavcodec/h263_parser.o
CC	libavcodec/h263data.o
CC	libavcodec/h263dec.o
CC	libavcodec/h263dsp.o
1 warning generated.
CC	libavcodec/h2645_parse.o
CC	libavcodec/h2645_sei.o
CC	libavcodec/h2645_vui.o
CC	libavcodec/h2645data.o
CC	libavcodec/h264_cabac.o
CC	libavcodec/h264_cavlc.o
CC	libavcodec/h264_direct.o
CC	libavcodec/h264_loopfilter.o
CC	libavcodec/h264_mb.o
CC	libavcodec/h264_parse.o
CC	libavcodec/h264_picture.o
CC	libavcodec/h264_ps.o
CC	libavcodec/h264_refs.o
CC	libavcodec/h264_sei.o
CC	libavcodec/h264_slice.o
CC	libavcodec/h264chroma.o
CC	libavcodec/h264data.o
CC	libavcodec/h264dec.o
CC	libavcodec/h264dsp.o
CC	libavcodec/h264idct.o
CC	libavcodec/h264pred.o
CC	libavcodec/h264qpel.o
CC	libavcodec/h274.o
CC	libavcodec/hevc_cabac.o
libavcodec/hevc_cabac.c:37:21: warning: variable 'num_bins_in_se' is not needed and will not be emitted [-Wunneeded-internal-declaration]
   37 | static const int8_t num_bins_in_se[] = {
      |                     ^~~~~~~~~~~~~~
CC	libavcodec/hevc_data.o
CC	libavcodec/hevc_filter.o
1 warning generated.
CC	libavcodec/hevc_mvs.o
CC	libavcodec/hevc_parse.o
CC	libavcodec/hevc_ps.o
CC	libavcodec/hevc_refs.o
CC	libavcodec/hevc_sei.o
CC	libavcodec/hevcdec.o
CC	libavcodec/hevcdsp.o
CC	libavcodec/hevcpred.o
CC	libavcodec/hpeldsp.o
CC	libavcodec/idctdsp.o
CC	libavcodec/imgconvert.o
CC	libavcodec/ituh263dec.o
CC	libavcodec/jfdctfst.o
CC	libavcodec/jfdctint.o
CC	libavcodec/jni.o
CC	libavcodec/jpegtables.o
CC	libavcodec/jrevdct.o
CC	libavcodec/kbdwin.o
CC	libavcodec/mathtables.o
CC	libavcodec/me_cmp.o
CC	libavcodec/mediacodec.o
CC	libavcodec/mjpegdec.o
CC	libavcodec/mjpegdec_common.o
CC	libavcodec/mpeg12framerate.o
CC	libavcodec/mpeg4audio.o
CC	libavcodec/mpeg4audio_sample_rates.o
CC	libavcodec/mpeg4video.o
CC	libavcodec/mpeg4video_parser.o
CC	libavcodec/mpeg4videodec.o
libavcodec/mpeg4videodec.c:737:13: warning: variable 'time_incr' set but not used [-Wunused-but-set-variable]
  737 |         int time_incr = 0;
      |             ^
CC	libavcodec/mpeg4videodsp.o
CC	libavcodec/mpeg_er.o
CC	libavcodec/mpegaudio.o
CC	libavcodec/mpegaudiodata.o
CC	libavcodec/mpegaudiodec_common.o
CC	libavcodec/mpegaudiodec_fixed.o
CC	libavcodec/mpegaudiodecheader.o
CC	libavcodec/mpegaudiodsp.o
CC	libavcodec/mpegaudiodsp_data.o
CC	libavcodec/mpegaudiodsp_fixed.o
CC	libavcodec/mpegaudiodsp_float.o
CC	libavcodec/mpegaudiotabs.o
CC	libavcodec/mpegpicture.o
CC	libavcodec/mpegutils.o
1 warning generated.
CC	libavcodec/mpegvideo.o
CC	libavcodec/mpegvideo_dec.o
CC	libavcodec/mpegvideo_motion.o
CC	libavcodec/mpegvideodata.o
CC	libavcodec/options.o
In file included from libavcodec/options.c:38:
libavcodec/options_table.h:273:116: warning: implicit conversion from 'unsigned long' to 'double' changes value from 18446744073709551615 to 18446744073709551616 [-Wimplicit-const-int-float-conversion]
  273 | {"request_channel_layout", NULL, OFFSET(request_channel_layout), AV_OPT_TYPE_CHANNEL_LAYOUT, {.i64 = DEFAULT }, 0, UINT64_MAX, A|D, "request_channel_layout"},
      | ~                                                                                                                  ^~~~~~~~~~
/usr/local/lib/android/sdk/ndk/27.3.13750724//toolchains/llvm/prebuilt/linux-x86_64/bin/../sysroot/usr/include/stdint.h:193:27: note: expanded from macro 'UINT64_MAX'
  193 | #define UINT64_MAX       (UINT64_C(18446744073709551615))
      |                           ^~~~~~~~~~~~~~~~~~~~~~~~~~~~~~
/usr/local/lib/android/sdk/ndk/27.3.13750724//toolchains/llvm/prebuilt/linux-x86_64/bin/../sysroot/usr/include/stdint.h:142:27: note: expanded from macro 'UINT64_C'
  142 | #  define UINT64_C(c)     c ## UL
      |                           ^~~~~~~
<scratch space>:34:1: note: expanded from here
   34 | 18446744073709551615UL
      | ^~~~~~~~~~~~~~~~~~~~~~
In file included from libavcodec/options.c:38:
libavcodec/options_table.h:272:100: warning: implicit conversion from 'unsigned long' to 'double' changes value from 18446744073709551615 to 18446744073709551616 [-Wimplicit-const-int-float-conversion]
  272 | {"channel_layout", NULL, OFFSET(channel_layout), AV_OPT_TYPE_CHANNEL_LAYOUT, {.i64 = DEFAULT }, 0, UINT64_MAX, A|E|D, "channel_layout"},
      | ~                                                                                                  ^~~~~~~~~~
/usr/local/lib/android/sdk/ndk/27.3.13750724//toolchains/llvm/prebuilt/linux-x86_64/bin/../sysroot/usr/include/stdint.h:193:27: note: expanded from macro 'UINT64_MAX'
  193 | #define UINT64_MAX       (UINT64_C(18446744073709551615))
      |                           ^~~~~~~~~~~~~~~~~~~~~~~~~~~~~~
/usr/local/lib/android/sdk/ndk/27.3.13750724//toolchains/llvm/prebuilt/linux-x86_64/bin/../sysroot/usr/include/stdint.h:142:27: note: expanded from macro 'UINT64_C'
  142 | #  define UINT64_C(c)     c ## UL
      |                           ^~~~~~~
<scratch space>:33:1: note: expanded from here
   33 | 18446744073709551615UL
      | ^~~~~~~~~~~~~~~~~~~~~~
In file included from libavcodec/options.c:38:
libavcodec/options_table.h:48:110: warning: implicit conversion from 'long' to 'double' changes value from 9223372036854775807 to 9223372036854775808 [-Wimplicit-const-int-float-conversion]
   48 | {"b", "set bitrate (in bits/s)", OFFSET(bit_rate), AV_OPT_TYPE_INT64, {.i64 = AV_CODEC_DEFAULT_BITRATE }, 0, INT64_MAX, A|V|E},
      | ~                                                                                                            ^~~~~~~~~
/usr/local/lib/android/sdk/ndk/27.3.13750724//toolchains/llvm/prebuilt/linux-x86_64/bin/../sysroot/usr/include/stdint.h:188:27CC	libavcodec/opus_celt.o
: note: expanded from macro 'INT64_MAX'
  188 | #define INT64_MAX        (INT64_C(9223372036854775807))
      |                           ^~~~~~~~~~~~~~~~~~~~~~~~~~~~
/usr/local/lib/android/sdk/ndk/27.3.13750724//toolchains/llvm/prebuilt/linux-x86_64/bin/../sysroot/usr/include/stdint.h:141:27: note: expanded from macro 'INT64_C'
  141 | #  define INT64_C(c)      c ## L
      |                           ^~~~~~
<scratch space>:32:1: note: expanded from here
   32 | 9223372036854775807L
      | ^~~~~~~~~~~~~~~~~~~~
3 warnings generated.
CC	libavcodec/opus_parse.o
CC	libavcodec/opus_pvq.o
CC	libavcodec/opus_rc.o
CC	libavcodec/opus_silk.o
CC	libavcodec/opusdec.o
CC	libavcodec/opusdec_celt.o
CC	libavcodec/opusdsp.o
CC	libavcodec/opustab.o
CC	libavcodec/parser.o
CC	libavcodec/parsers.o
CC	libavcodec/profiles.o
CC	libavcodec/pthread.o
CC	libavcodec/pthread_frame.o
CC	libavcodec/pthread_slice.o
CC	libavcodec/qpeldsp.o
CC	libavcodec/qsv_api.o
CC	libavcodec/raw.o
CC	libavcodec/rdft.o
CC	libavcodec/rl.o
CC	libavcodec/sbrdsp.o
CC	libavcodec/simple_idct.o
CC	libavcodec/sinewin.o
CC	libavcodec/startcode.o
CC	libavcodec/tiff_common.o
CC	libavcodec/to_upper4.o
CC	libavcodec/utils.o
CC	libavcodec/version.o
CC	libavcodec/videodsp.o
CC	libavcodec/vlc.o
CC	libavcodec/vorbis.o
CC	libavcodec/vorbis_data.o
CC	libavcodec/vorbis_parser.o
CC	libavcodec/vorbisdec.o
CC	libavcodec/vorbisdsp.o
CC	libavcodec/vp8.o
CC	libavcodec/vp8dsp.o
libavcodec/vp8dsp.c:299:30: warning: unused function 'vp7_filter_common' [-Wunused-function]
  299 | static av_always_inline void vp7_filter_common(uint8_t *p, ptrdiff_t stride,
      |                              ^~~~~~~~~~~~~~~~~
libavcodec/vp8dsp.c:341:1: warning: unused function 'vp7_normal_limit' [-Wunused-function]
  341 | NORMAL_LIMIT(7)
      | ^~~~~~~~~~~~~~~
libavcodec/vp8dsp.c:330:29: note: expanded from macro 'NORMAL_LIMIT'
  330 | static av_always_inline int vp ## vpn ## _normal_limit(uint8_t *p,            \
      |                             ^~~~~~~~~~~~~~~~~~~~~~~~~~
<scratch space>:39:1: note: expanded from here
   39 | vp7_normal_limit
      | ^~~~~~~~~~~~~~~~
2 warnings generated.
CC	libavcodec/vp9.o
CC	libavcodec/vp9_parser.o
CC	libavcodec/vp9_superframe_split_bsf.o
CC	libavcodec/vp9block.o
CC	libavcodec/vp9data.o
CC	libavcodec/vp9dsp.o
CC	libavcodec/vp9dsp_10bpp.o
CC	libavcodec/vp9dsp_12bpp.o
CC	libavcodec/vp9dsp_8bpp.o
CC	libavcodec/vp9lpf.o
CC	libavcodec/vp9mvs.o
CC	libavcodec/vp9prob.o
CC	libavcodec/vp9recon.o
CC	libavcodec/vpx_rac.o
CC	libavcodec/xiph.o
CC	libavcodec/xvididct.o
GEN	libavcodec/libavcodec.pc
CC	libswresample/audioconvert.o
CC	libswresample/dither.o
CC	libswresample/options.o
libswresample/options.c:132:144: warning: implicit conversion from 'long' to 'double' changes value from 9223372036854775807 to 9223372036854775808 [-Wimplicit-const-int-float-conversion]
  131 | {"first_pts"            , "Assume the first pts should be this value (in samples)."
      | ~
  132 |                                                         , OFFSET(firstpts_in_samples), AV_OPT_TYPE_INT64 ,{.i64=AV_NOPTS_VALUE    }, INT64_MIN,INT64_MAX, PARAM },
      |                                                                                                                                                ^~~~~~~~~
/usr/local/lib/android/sdk/ndk/27.3.13750724//toolchains/llvm/prebuilt/linux-x86_64/bin/../sysroot/usr/include/stdint.h:188:27: note: expanded from macro 'INT64_MAX'
  188 | #define INT64_MAX        (INT64_C(9223372036854775807))
      |                           ^~~~~~~~~~~~~~~~~~~~~~~~~~~~
/usr/local/lib/android/sdk/ndk/27.3.13750724//toolchains/llvm/prebuilt/linux-x86_64/bin/../sysroot/usr/include/stdint.h:141:27: note: expanded from macro 'INT64_C'
  141 | #  define INT64_C(c)      c ## L
      |                           ^~~~~~
<scratch space>:37:1: note: expanded from here
   37 | 9223372036854775807L
      | ^~~~~~~~~~~~~~~~~~~~
libswresample/options.c:70:145: warning: implicit conversion from 'long' to 'double' changes value from 9223372036854775807 to 9223372036854775808 [-Wimplicit-const-int-float-conversion]
   69 | {"out_channel_layout"   , "set output channel layout (Deprecated, use out_chlayout)",
      | ~
   70 |                                                           OFFSET(user_out_ch_layout), AV_OPT_TYPE_CHANNEL_LAYOUT, {.i64=0         }, INT64_MIN, INT64_MAX, PARAM|DEPREC, "channel_layout"},
      |                                                                                                                                                 ^~~~~~~~~
/usr/local/lib/android/sdk/ndk/27.3.13750724//toolchains/llvm/prebuilt/linux-x86_64/bin/../sysroot/usr/include/stdint.h:188:27: note: expanded from macro 'INT64_MAX'
  188 | #define INT64_MAX        (INT64_C(9223372036854775807))
      |                           ^~~~~~~~~~~~~~~~~~~~~~~~~~~~
/usr/local/lib/android/sdk/ndk/27.3.13750724//toolchains/llvm/prebuilt/linux-x86_64/bin/../sysroot/usr/include/stdint.h:141:27: note: expanded from macro 'INT64_C'
  141 | #  define INT64_C(c)      c ## L
      |                           ^~~~~~
<scratch space>:34:1: note: expanded from here
   34 | 9223372036854775807L
      | ^~~~~~~~~~~~~~~~~~~~
libswresample/options.c:68:145: warning: implicit conversion from 'long' to 'double' changes value from 9223372036854775807 to 9223372036854775808 [-Wimplicit-const-int-float-conversion]
   67 | {"ocl"                  , "set output channel layout (Deprecated, use ochl)",
      | ~
   68 |                                                           OFFSET(user_out_ch_layout), AV_OPT_TYPE_CHANNEL_LAYOUT, {.i64=0         }, INT64_MIN, INT64_MAX, PARAM|DEPREC, "channel_layout"},
      |                                                                                                                                                 ^~~~~~~~~
/usr/local/lib/android/sdk/ndk/27.3.13750724//toolchains/llvm/prebuilt/linux-x86_64/bin/../sysroot/usr/include/stdint.h:188:27: note: expanded from macro 'INT64_MAX'
  188 | #define INT64_MAX        (INT64_C(9223372036854775807))
      |                           ^~~~~~~~~~~~~~~~~~~~~~~~~~~~
/usr/local/lib/android/sdk/ndk/27.3.13750724//toolchains/llvm/prebuilt/linux-x86_64/bin/../sysroot/usr/include/stdint.h:141:27: note: expanded from macro 'INT64_C'
  141 | #  define INT64_C(c)      c ## L
      |                           ^~~~~~
<scratch space>:32:1: note: expanded from here
   32 | 9223372036854775807L
      | ^~~~~~~~~~~~~~~~~~~~
libswresample/options.c:66:145: warning: implicit conversion from 'long' to 'double' changes value from 9223372036854775807 to 9223372036854775808 [-Wimplicit-const-int-float-conversion]
   65 | {"in_channel_layout"    , "set input channel layout (Deprecated, use in_chlayout)",
      | ~
   66 |                                                           OFFSET(user_in_ch_layout), AV_OPT_TYPE_CHANNEL_LAYOUT, {.i64=0          }, INT64_MIN, INT64_MAX, PARAM|DEPREC, "channel_layout"},
      |                                                                                                                                                 ^~~~~~~~~
/usr/local/lib/android/sdk/ndk/27.3.13750724//toolchains/llvm/prebuilt/linux-x86_64/bin/../sysroot/usr/include/stdint.h:188:27: note: expanded from macro 'INT64_MAX'
  188 | #define INT64_MAX        (INT64_C(9223372036854775807))
      |                           ^~~~~~~~~~~~~~~~~~~~~~~~~~~~
/usr/local/lib/android/sdk/ndk/27.3.13750724//toolchains/llvm/prebuilt/linux-x86_64/bin/../sysroot/usr/include/stdint.h:141:27: note: expanded from macro 'INT64_C'
  141 | #  define INT64_C(c)      c ## L
      |                           ^~~~~~
<scratch space>:30:1: note: expanded from here
   30 | 9223372036854775807L
      | ^~~~~~~~~~~~~~~~~~~~
libswresample/options.c:64:145: warning: implicit conversion from 'long' to 'double' changes value from 9223372036854775807 to 9223372036854775808 [-Wimplicit-const-int-float-conversion]
   63 | {"icl"                  , "set input channel layout (Deprecated, use ichl)",
      | ~
   64 |                                                           OFFSET(user_in_ch_layout), AV_OPT_TYPE_CHANNEL_LAYOUT, {.i64=0          }, INT64_MIN, INT64_MAX, PARAM|DEPREC, "channel_layout"},
      |                                                                                                                                                 ^~~~~~~~~
/usr/local/lib/android/sdk/ndk/27.3.13750724//toolchains/llvm/prebuilt/linux-x86_64/bin/../sysroot/usr/include/stdint.h:188:27: note: expanded from macro 'INT64_MAX'
  188 | #define INT64_MAX        (INT64_C(9223372036854775807))
      |                           ^~~~~~~~~~~~~~~~~~~~~~~~~~~~
/usr/local/lib/android/sdk/ndk/27.3.13750724//toolchains/llvm/prebuilt/linux-x86_64/bin/../sysroot/usr/include/stdint.h:141:27: note: expanded from macro 'INT64_C'
  141 | #  define INT64_C(c)      c ## L
      |                           ^~~~~~
<scratch space>:28:1: note: expanded from here
   28 | 9223372036854775807L
      | ^~~~~~~~~~~~~~~~~~~~
5 warnings generated.
CC	libswresample/rematrix.o
CC	libswresample/resample.o
CC	libswresample/resample_dsp.o
CC	libswresample/swresample.o
CC	libswresample/swresample_frame.o
CC	libswresample/version.o
GEN	libswresample/libswresample.pc
CC	libavutil/../compat/strtod.o
CC	libavutil/adler32.o
CC	libavutil/aes.o
CC	libavutil/ambient_viewing_environment.o
CC	libavutil/aes_ctr.o
CC	libavutil/audio_fifo.o
CC	libavutil/avsscanf.o
CC	libavutil/avstring.o
CC	libavutil/base64.o
CC	libavutil/blowfish.o
CC	libavutil/bprint.o
CC	libavutil/buffer.o
CC	libavutil/camellia.o
CC	libavutil/cast5.o
CC	libavutil/channel_layout.o
CC	libavutil/cpu.o
CC	libavutil/crc.o
libavutil/cpu.c:116:76: warning: implicit conversion from 'long' to 'double' changes value from 9223372036854775807 to 9223372036854775808 [-Wimplicit-const-int-float-conversion]
  116 |         { "flags"   , NULL, 0, AV_OPT_TYPE_FLAGS, { .i64 = 0 }, INT64_MIN, INT64_MAX, .unit = "flags" },
      |         ~                                                                  ^~~~~~~~~
/usr/local/lib/android/sdk/ndk/27.3.13750724//toolchains/llvm/prebuilt/linux-x86_64/bin/../sysroot/usr/include/stdint.h:188:27: note: expanded from macro 'INT64_MAX'
  188 | #define INT64_MAX        (INT64_C(9223372036854775807))
      |                           ^~~~~~~~~~~~~~~~~~~~~~~~~~~~
/usr/local/lib/android/sdk/ndk/27.3.13750724//toolchains/llvm/prebuilt/linux-x86_64/bin/../sysroot/usr/include/stdint.h:141:27: note: expanded from macro 'INT64_C'
  141 | #  define INT64_C(c)      c ## L
      |                           ^~~~~~
<scratch space>:36:1: note: expanded from here
   36 | 9223372036854775807L
      | ^~~~~~~~~~~~~~~~~~~~
1 warning generated.
CC	libavutil/csp.o
CC	libavutil/des.o
CC	libavutil/detection_bbox.o
CC	libavutil/dict.o
CC	libavutil/display.o
CC	libavutil/dovi_meta.o
CC	libavutil/downmix_info.o
CC	libavutil/encryption_info.o
CC	libavutil/error.o
CC	libavutil/eval.o
CC	libavutil/fifo.o
libavutil/eval.c:237:41: warning: implicit conversion from 'unsigned long' to 'double' changes value from 18446744073709551615 to 18446744073709551616 [-Wimplicit-const-int-float-conversion]
  237 |             return e->value * (r * (1.0/UINT64_MAX));
      |                                        ~^~~~~~~~~~
/usr/local/lib/android/sdk/ndk/27.3.13750724//toolchains/llvm/prebuilt/linux-x86_64/bin/../sysroot/usr/include/stdint.h:193:27: note: expanded from macro 'UINT64_MAX'
  193 | #define UINT64_MAX       (UINT64_C(18446744073709551615))
      |                           ^~~~~~~~~~~~~~~~~~~~~~~~~~~~~~
/usr/local/lib/android/sdk/ndk/27.3.13750724//toolchains/llvm/prebuilt/linux-x86_64/bin/../sysroot/usr/include/stdint.h:142:27: note: expanded from macro 'UINT64_C'
  142 | #  define UINT64_C(c)     c ## UL
      |                           ^~~~~~~
<scratch space>:26:1: note: expanded from here
   26 | 18446744073709551615UL
      | ^~~~~~~~~~~~~~~~~~~~~~
CC	libavutil/file.o
CC	libavutil/file_open.o
CC	libavutil/film_grain_params.o
CC	libavutil/fixed_dsp.o
CC	libavutil/float_dsp.o
CC	libavutil/frame.o
1 warning generated.
CC	libavutil/hash.o
CC	libavutil/hdr_dynamic_metadata.o
CC	libavutil/hdr_dynamic_vivid_metadata.o
CC	libavutil/hmac.o
CC	libavutil/hwcontext.o
CC	libavutil/hwcontext_stub.o
CC	libavutil/imgutils.o
CC	libavutil/integer.o
CC	libavutil/intmath.o
CC	libavutil/lfg.o
CC	libavutil/lls.o
CC	libavutil/log.o
CC	libavutil/log2_tab.o
CC	libavutil/lzo.o
CC	libavutil/mastering_display_metadata.o
CC	libavutil/mathematics.o
CC	libavutil/md5.o
CC	libavutil/mem.o
CC	libavutil/murmur3.o
CC	libavutil/opt.o
CC	libavutil/parseutils.o
CC	libavutil/pixdesc.o
CC	libavutil/pixelutils.o
CC	libavutil/random_seed.o
CC	libavutil/rational.o
CC	libavutil/rc4.o
CC	libavutil/reverse.o
CC	libavutil/ripemd.o
CC	libavutil/samplefmt.o
CC	libavutil/sha.o
CC	libavutil/sha512.o
CC	libavutil/slicethread.o
CC	libavutil/spherical.o
CC	libavutil/stereo3d.o
CC	libavutil/tea.o
CC	libavutil/threadmessage.o
CC	libavutil/time.o
CC	libavutil/timecode.o
CC	libavutil/tree.o
CC	libavutil/twofish.o
CC	libavutil/tx.o
CC	libavutil/tx_double.o
CC	libavutil/tx_float.o
CC	libavutil/tx_int32.o
CC	libavutil/utils.o
CC	libavutil/uuid.o
CC	libavutil/version.o
CC	libavutil/video_enc_params.o
CC	libavutil/xga_font_data.o
CC	libavutil/xtea.o
GEN	libavutil/libavutil.pc
AR	libavcodec/libavcodec.a
AR	libswresample/libswresample.a
AR	libavutil/libavutil.a
INSTALL	libavcodec/libavcodec.a
INSTALL	libswresample/libswresample.a
INSTALL	libavutil/libavutil.a
